No,Subject ID,Eye,Visit# (1-3),Sequencing Date,Note,Location,Age,Sex,Race,Ethnicity,"Geo location (urban=1, suburban=2, rural=3)",Zipcode,"Pets (y=1, n=0)",Type of Pet (free text),"Occupation (employed=1, unemployed=2, student=3, retired=4, other=5)","If Employed, primary occupation",Work/school environment free text,Time spend daily at home (hr),Time spend daily at work/ school (hr),Time spend daily outside (hr),Time Spend daily other: (hr),Time spent daily on electronic devices (hr),Average sleep (hr),"CPAP (y=1, n=0)","Swimming (Once a week or more=1, Few times in the last 3 months=2, Not in last 3 months=3, Rarely or never=4)","Smoking (Yes =1, Never smoked=2, Quit in the past 6 months=3, Quit more than 6 months ago=4,  Second hand smoking=5)",Tobacco details free text,"Contact lenses (y=1, n=0)","Glasses (y=1, n=0)","Cosmetics around the eye (y=1, n=0)",Cosmetic type (free text),"Past Ocular Condition (y=1, n=0)",Type of Ocular Condition (free text),"Eye drops/ oint (y=1, n=0)",Eye drops/ung free text,"Eye Surgery (y=1, n=0)",Eye Surgery detail (free text),"Allergies (y=1, n=0)",Type of Allergy (free text),"Systemic Conditions (y=1, n=0)",Type of Systemic Condition (free text),"Antibiotic use within a year (y=1, no=0)",Antibiotic use detail free text,"Pre/probiotics Use (y=1, n=0)",Pre/probiotics detail free text,OSDI Score (0-100),Shirmer (mm),TBUT (sec) ,Cornea Score (0-15),Conj Score (0-18),"Ant Bleph (none=0,mild=1,moderate=2,severe=3)","MGD (none=0, mild=1, moderate=2, severe=3)","Lid Margin Telengectasia (y=1,n=0)","Conj Inj (y=1, n=0)","Chalasis (y=1, n=0)","Lens (phakic=1, aphakic=2, pseudophakic=3)",Collection Time,Visit Date #1 (MM/DD/YYYY),Visit #1 Time,Visit #1 Swab Collection Notes,Visit#2 Date,Visit #2 Time,Visit#2 changes since last visit ,V2 Sample Collection Notes ,Visit#3 Date,Visit #3 Time,Visit#3  changes since last visit ,V3 Sample collection notes 
1,022,OD,3,Summer 2026,1st visit has Red cap OMR,JHH,32,M,Asian,non-hispanic,1,21214,0,,3,,,10,14,0,0,16,6,1,4,4,m,0,1,0,,0,n/a,0,,0,,1,Dust,1,HT,1,Amoxicillin 8 months ago,0,n/a,2.27,13,>10,0,0,0,1,0,0,0,1,,10/2/2024,11:15:00 AM,,10/9/2024,10:15:00 AM,none,n/a,10/16/2024,10:25:00 AM,none
2,023,OS,3,Summer 2026,,JHH,64,F,White,non-hispanic,2,21218,0,,1,clinic supervisor,clinic/office,14,9,1,0,5,6,0,2,2,n/a,0,1,1,"face cream, moisterizer,mascara",0,n/a,0,,0,,1,seafood,0,,0,,0,n/a,0,24, >10,0,0,0,1,0,0,0,1,,10/2/2024,11:55:00 AM,,10/9/2024,11:15:00 AM,none,n/a,10/16/2024,11:08:00 AM,none
3,025,OD,3,2025-08-06,,JHH,25,F,Asian,non-hispanic,1,21231,0,,3,n/a,Medical student MS-3,10,12,2,0,8,7,0,3,2,n/a,0,0,0,n/a,0,n/a,0,,0,,0,n/a,0,,0,,0,n/a,0,35,>10,0,0,0,0,0,0,0,1,,10/9/2024,01:50:00 PM,,10/16/2024,12:06:00 PM,n/a,n/a,11/6/2024,09:35:00 AM,had overnight shift of labour & delivery
4,026,OS,3,2025-08-06,,JHH,24,F,Black,non-hispanic,1,21231,0,,3,n/a,Medical student MS-3,12,10,2,0,8,7,0,4,2,n/a,0,1,1,Mascara,0,n/a,0,,0,,0,n/a,0,,0,,0,n/a,0,25,>10,0,0,0,1,0,0,0,1,,10/9/2024,02:40:00 PM,,10/23/2024,12:13:00 PM,n/a,Residual makeup in both eyes,10/30/2024,11:56:00 AM,n/a
5,027,OD,3,2025-08-06,,JHH,27,F,Asian,non-hispanic,1,21202,0,,1,Postdoc,Hospital,13,9,2,0,10,6.5,0,1,5,Cigarette once every 6 months,0,0,1,Eye cream (brightening),0,n/a,0,,0,,0,n/a,0,,0,,0,n/a,0,19,>10,0,0,0,0,0,0,0,1,,10/23/2024,01:54:00 PM,,10/30/2024,01:40:00 PM,n/a,Right lid shaft touched the nose bridge,11/6/2024,09:42:00 AM,n/a
6,028,OS,3,Summer 2026,,JHH,23,M,Asian,non-hispanic,1,21201,0,,1,Clinical research co-ordinator,Hospital,13,8,3,0,8,6,0,4,3,"cigarretes, vape ",0,1,0,n/a,0,n/a,0,n/a,0,,0,n/a,0,,0,,0,n/a,2.08,22,>10,1,0,1,0,0,0,0,1,,10/30/2024,02:42:00 PM,,11/6/2024,11:08:00 AM,none,,11/13/2024,10:08:00 AM,none
7,029,OD,3,Summer 2026,,JHH,63,M,Other,non-hispanic,2,21234,1,"1 dog,3 fish",1,Research,Hospital/lab,14,8,2,0,3.5,6,0,3,4,cigarette,0,1,0,n/a,1,Pink Eye,1,Antibiotic drops,0,,1,Ragweed,0,,0,,0,n/a,0,15,>10,0,0,1,1,1,1,1,1,,11/6/2024,11:47:00 AM,,11/13/2024,12:07:00 PM,None,,11/20/2024,12:28:00 PM,None
8,030,OS,3,2025-08-06,,JHH,31,F,Black,non-hispanic,1,21202,0,,"1,3",Operating director,Community Outreach Medical Centre: Medical environment,10,12,2,0,12,4.5,0,4,2,n/a,0,0,1,"Moisturiser everyday, makeup rarely",0,n/a,1,otc artifical tears,0,,1,Dust,1,Type II DM,0,,1,Seed pre-probiotics for 2 years (stopped 8.1.2024),5,29,>10,0,0,0,0,0,0,0,1,,11/6/2024,02:37:00 PM,,11/13/2024,02:26:00 PM,None,,11/20/2024,02:20:00 PM,none
9,032,OS,3,2025-08-06,,JHH,35,M,Black,non-hispanic,1,21224,0,,3,n/a,,12,10,2,0,8,8,0,2,2,n/a,0,1,0,n/a     ,0,n/a,0,n/a,0,,0,n/a,0,,0,,0,n/a,4.2,27,9.6,0,0,0,0,0,0,0,1,,11/13/2024,11:48:00 AM,Closed eye during right conj sampling,11/20/2024,09:48:00 AM,None,,12/4/2024,11:26:00 AM,none
10,033,OS,3,2025-08-06,,JHH,25,F,Asian,non-hispanic,1,m,0,,3,n/a,,8,12,4,0,6,7,0,2,2,n/a,0,1,0,n/a     ,0,n/a,0,n/a,0,,1,"Dust, mulberries",0,,0,,0,n/a,4.5,13,6.6,1,0,0,1,0,0,0,1,,11/13/2024,02:01:00 PM,,11/20/2024,01:32:00 PM,Mild sore throat,,12/4/2024,12:01:00 PM,none
11,034,OD,3,2025-08-06,,JHH,25,F,Asian,non-hispanic,1,21224,1,m,1,Research technologist,Lab,12,8,4,0,8,6,0,4,2,n/a,0,1,0,n/a     ,0,n/a,0,n/a,0,,0,n/a,0,,0,,0,n/a,10.41,29,>10,1,0,0,1,0,0,0,1,,11/20/2024,11:01:00 AM,,12/4/2024,12:11:00 PM,None,,12/18/2024,01:40:00 PM,none
12,035,OS,3,2025-08-06,,JHH,30,M,White,Hispanic,1,21202,0,,3,n/a,,10,8,6,0,8,8,0,3,4,Cigarettes,0,1,0,n/a     ,0,n/a,0,n/a,0,,1,"Cats,Dust mites",1,"Hypertension, Anxiety",1,GI infection/7 days/ Ciprofloxacin,1,Lactobacillus,6.25,21,10,0,0,0,0,0,0,0,1,,11/20/2024,12:05:00 PM,,12/4/2024,09:54:00 AM,None,,12/18/2024,09:47:00 AM,none
13,036,OD,3,2025-08-06,,JHH,27,F,White,non-hispanic,1,21231,1,Cat,3,n/a,,19,4,1,0,5,7,0,4,2,n/a,1,1,0,n/a     ,0,n/a,0,n/a,0,,0,n/a,0,,0,,1,Pre-biotic serum on face,0,13,>10,0,0,0,1,0,0,0,1,,12/4/2024,11:01:00 AM,eye makeup residue,12/18/2024,09:25:00 AM,None,Left lid had makeup residue,1/8/2025,11:42:00 AM,Visited Pennsylvania between visits
14,037,OS,3,Summer 2026,,JHH,27,F,Black,non-hispanic,1,21205,0,,3,n/a,,9,14,1,0,8,6,0,4,2,n/a,0,1,0,n/a     ,0,n/a,0,n/a,0,,0,n/a,0,,1,"Cannot recall, one week",0,n/a,4.16,27,>10,0,1,0,0,0,0,0,1,,12/4/2024,02:18:00 PM,patient teared up,1/22/2025,01:22:00 PM,Trip to Seatle,,1/29/2025,01:40:00 PM,none
15,038,OS,3,2025-08-06,,JHH,28,F,Black,non-hispanic,1,23231,0,,3,n/a,"1. Johns Hopkins Bloomberg school of Public Health, 2.Carey Business School",14,6,4,0,13,8.5,0,2,4,Marijuana once a month,0,1,1,Moisturiser & sunscreen,0,n/a,0,n/a,0,,0,n/a,0,,0,,1,Olly Pre & pro biotic once a day,0,34,>10,0,0,0,0,0,0,0,1,,12/4/2024,03:30:00 PM,,1/22/2025,01:08:00 PM,Eye lash extensions on Upper lid (1/17/2025); Gana (1/12/2025-1/18/2025),,2/19/2025,12:39:00 PM,none
16,039,OD,3,2025-08-06,,JHH,31,F,Black,non-hispanic,1,21202,0,,3,n/a,campus,13,10,1,0,7,7,0,3,2,n/a,0,0,0,n/a     ,0,n/a,0,n/a,0,,0,n/a,0,,0,,0,n/a,2.5,12,9,1,0,0,0,0,1,0,1,,1/8/2025,11:02:00 AM,,1/22/2025,09:52:00 AM,,,1/29/2025,04:08:00 PM,Left eye has been irritated since the last visit
17,040,OS,3,2025-08-06,,JHH,48,M,White,non-hispanic,1,21202,0,,1,Office animator/cartoonist,,13,8,3,0,15,8,0,4,1,Cannabis,0,1,0,n/a     ,0,n/a,0,n/a,0,,1,Hayfever,1,Hypertension,0,,0,n/a,16.6,22,>10,0,0,1,1,1,0,1,1,,1/8/2025,01:59:00 PM,,1/15/2025,01:39:00 PM,none,,1/29/2025,01:10:00 PM,none
18,041,OD,3,2025-08-06,,JHH,23,M,White,non-hispanic,1,21218,0,,3,n/a,Hospital/campus,13,8,1,0,10,8.5,0,4,2,n/a,0,0,0,n/a     ,0,n/a,0,n/a,0,,1,"Seasonal, cats",0,,0,,0,n/a,4.16,12,9.6,0,0,0,1,1,0,0,1,,1/15/2025,10:55:00 AM,,1/22/2025,11:22:00 AM,none,,1/29/2025,11:36:00 AM
19,042,OS,3,Summer 2026,,JHH,30,F,Black,non-hispanic,2,21205,1,m,3,n/a,Hospital/campus,12,10,2,0,16,6,0,4,2,n/a,0,1,0,n/a     ,0,n/a,0,n/a,0,,0,n/a,0,,0,,0,n/a,8.3,26,>10,0,0,0,0,0,0,1,1,,1/15/2025,12:02:00 PM,,2/19/2025,03:59:00 PM,none,,2/26/2025,03:36:00 PM,none
20,043,OD,3,2025-08-06,,JHH,27,F,Asian,non-hispanic,1,21231,1,Cats,1,Postdoc fellow,Hospital,14,9,1,0,9,8,0,3,2,n/a,0,0,0,n/a     ,0,n/a,0,n/a,0,,1,"Metal nickel, Sulfa antibiotics",1,Hypothyroidism ,1,Augmentin (Piercing infection),1,Probiotic supplement 6 months ago - for 1 month,2.08,35,>10,0,0,0,0,0,0,1,1,,1/15/2025,01:19:00 PM,,1/22/2025,12:52:00 PM,none,,2/5/2025,12:25:00 PM,"01/27/2025 started flu symptoms. 01/30/started Oseltamivir (5 days); Fever, muscle ache, sinus congestion: Influenza +"
21,044,OS,3,2025-08-06,,JHH,28,M,Black,non-hispanic,1,21224,0,,3,n/a,campus,13,1.5,0.5,0,4,7,0,3,2,n/a,0,1,0,n/a     ,1,"4 years ago, left eye UL droopy",0,n/a,0,,0,n/a,0,,0,,0,n/a,2.08,13,9,0,0,0,1,0,0,0,1,,1/22/2025,10:51:00 AM,,2/19/2025,09:44:00 AM,none,,2/26/2025,12:55:00 PM,None,skin & lid margin both eyes have black residue
22,045,OD,3,2025-08-06,,JHH,32,F,White,non-hispanic,1,21231,0,,1,Postdoc fellow,Hospital,13,9,2,0,5,6,0,3,2,n/a,0,1,0,n/a     ,1,OS Strabismus 5 years,0,n/a,1,"Strabismus surgery OS (5 yo), 2nd Strabismus surgery OS (15 yo)",0,n/a,0,,0,,0,n/a,2.08,35,>10,0,0,0,0,0,0,0,1,,1/29/2025,03:10:00 PM,,2/5/2025,02:14:00 PM,none,makeup residue,2/19/2025,11:40:00 AM,none
23,046,OS,3,Summer 2026,,JHH,35,M,Black,non-hispanic,1,21211,0,,3,n/a,campus,19,5,0,0,8,7,0,3,2,n/a,0,0,0,n/a     ,0,n/a,0,n/a,0,,0,n/a,0,,0,,0,n/a,2.08,7,>10,0,0,0,1,0,0,0,1,,1/22/2025,12:18:00 PM,closed his eyes during sample collection (Conj),2/12/2025,12:25:00 PM,none,,2/19/2025,11:15:00 AM,none,closed eyes while swabbing & kept it closed
24,047,OD,3,Summer 2026,,JHH,27,M,White,non-hispanic,1,20851,0,,1,Manager,Field,13,0,11,0,10,6,0,3,1,Cigarette,0,0,0,n/a     ,0,n/a,0,n/a,1,,0,n/a,0,,1,For UTI,1,Inconsistent probiotic,0,35,>10,0,0,0,1,1,0,0,1,,1/29/2025,10:03:00 AM,,2/5/2025,02:46:00 PM,none,,3/26/2025,09:46:00 AM,none,both eyes - conjunctival injection
25,048,OS,3,Summer 2026,,JHH,32,F,Black,non-hispanic,1,21205,0,,3,n/a,Campus,13,10,1,0,7,7,0,4,2,n/a,0,0,0,n/a     ,0,n/a,0,n/a,0,,0,n/a,0,,0,,0,n/a,2.27,35,>10,0,0,0,0,0,0,0,1,,1/29/2025,11:12:00 AM,,2/12/2025,02:17:00 PM,none,,2/19/2025,09:24:00 AM,none,closed eyes
26,049,OS,3,2025-03-14,,JHH,28,F,Black,non-hispanic,1,21202,0,,3,n/a,Campus,14,8,2,0,16,7,0,4,2,n/a,0,1,0,n/a     ,1,Traumatic conjunctivitis,1,Anti-inflammatory eye drops for 2 weeks,0,,0,n/a,0,,0,,0,n/a,5,11,>10,0,0,1,0,0,0,1,1,,1/29/2025,12:47:00 PM,,2/12/2025,01:45:00 PM,none,,2/26/2025,03:30:00 PM,none,n/a
27,050,OD,3,2025-03-14,,JHH,27,M,Black,non-hispanic,1,21213,0,,3,n/a,BSPH /Campus,10,12,2,0,10,7,0,3,2,n/a,0,0,1,Face cream,0,n/a,0,n/a,0,,0,n/a,0,,0,,0,n/a,0,16,>10,1,0,0,0,0,1,0,1,,2/5/2025,10:30:00 AM,,2/12/1025,10:44:00 AM,none,,2/19/2025,09:53:00 AM,none,n/a
28,051,OS,3,2025-03-14,,JHH,75,F,White,non-hispanic,1,21202,0,,1,Registration desk,Hospital (info desk),0,8.5,1,0,9,7,0,4,2,n/a,0,1,0,n/a     ,0,n/a,0,n/a,0,,0,n/a,0,,1,"Nitazoxaamide (500 mg) 7 days for parasite in GI, March24 -knee surgery- prophylactic for surgery, Mid december - Amoxycillin for 1 day (500 mg) dental prophylaxis",0,n/a,2.08,4,5.3,2,0,0,1,0,1,1,1,,2/5/2025,01:47:00 PM,,2/12/1025,01:16:00 PM,none,n/a,2/19/2025,12:55:00 PM,none,n/a
29,052,OS,1,Summer 2026,,GSS,87,M,White,non-hispanic,2,21030,1,1 dog,4,was doctor,n/a,12,n/a,3,9,3,7.5,0,1,4,Cigarettes,0,1,0,n/a     ,1,Cataract (10 years ago),0,n/a,1,Cataract sx in both eyes,0,n/a,1,"Hypertension,CVHD, Arrhythmia, Bypass surgery",0,,0,n/a,0,5,>10,0,0,0,3,0,1,0,3,,2/11/2025,02:14:00 PM,,2/25/2025,01:46:00 PM,none,n/a,3/11/2025,01:04:00 PM,none,n/a
30,053,OD,3,Summer 2026,,JHH,77,M,White,non-hispanic,1,21202,0,,5,Administrator,Office,20,2,3,0,5,7,0,4,4,Cigarette (30 years),0,1,0,n/a     ,1,Cataract OS,1,Cataract surgery eye drops,1,Cataract sx OS 2024,0,n/a,1,"Afib,Congestive heart failure, Osteoarthritis, DM2",0,,0,n/a,4.1,8,>10,0,0,2,2,1,0,1,1,,2/12/2025,12:05:00 PM,,2/19/2025,11:24:00 AM,none,n/a,3/5/2025,11:12:00 AM,none,"Conj left tube has also lid right sample, lid right was swabbed twice and second swab was plaed in lid right tube"
31,054,OS,1,Summer 2026,,GSS,58,M,White,non-hispanic,2,21017,0,,4,n/a,n/a,20,,4,0,4,7,1,4,2,n/a,0,1,0,n/a     ,0,n/a,0,n/a,1,LASIK OU (2001),0,n/a,1,Hypertension,0,,0,n/a,0,15,>10,1,0,0,1,1,1,1,1,,2/18/2025,02:22:00 PM,,2/25/2025,01:10:00 PM,none,n/a,3/4/2025,01:54:00 PM,none,"2 iso controls taken, Lid OS sample touched the outside of the OMR tube"
32,055,OD,1,Summer 2026,,GSS,53,M,White,non-hispanic,2,21228,1,2 dogs,1,Optician,Hospital/clinic,14,8,2,0,10,6,0,4,2,n/a,0,1,0,n/a     ,0,n/a,0,n/a,0,n/a,1,"Pollen, dust",1,"Hypertension, GERD, Hypercholestrolemia",0,,1,Probiotic yogurt drink,2.08,27,7,0,0,0,1,1,0,1,1,,2/18/2025,03:44:00 PM,,2/25/2025,04:37:00 PM,none,n/a,3/11/2025,01:13:00 PM,started taking Nexium every other day,n/a
33,056,OS,3,Summer 2026,,JHH,29,F,Asian,non-hispanic,1,21231,1,1 dogs,1,Postdoc fellow,Lab,14,8,2,0,10,8,0,1,2,n/a,0,1,0,n/a     ,0,n/a,1,OTC artificial tears ( 2 years ago),0,n/a,0,n/a,0,,0,,0,n/a,0,20,6.3,2,0,0,0,0,0,0,1,,2/19/2025,10:50:00 AM,,2/26/2025,12:24:00 PM,none,n/a,3/5/2025,11:29:00 AM,none,n/a
34,057,OD,3,Summer 2026,,JHH,40,M,Asian,non-hispanic,2,21212,0,,1,Postdoc fellow,Clinic & lab,16,6,2,0,10,10,0,3,2,n/a,0,1,0,n/a     ,0,n/a,0,n/a,0,n/a,0,n/a,1,Gout (last attack 3 months ago) - used allopurinol,0,,0,n/a,2.08,21,>10,0,0,1,1,0,0,0,1,,2/19/2025,01:56:00 PM,,2/26/2025,01:06:00 PM,none,n/a,3/5/2025,12:45:00 PM,none,n/a
35,059,OD,3,Summer 2026,,JHH,26,F,Black,non-hispanic,1,21202,0,n/a,3,n/a,Campus,14,9,1,0,12,7,0,4,2,n/a,0,0,0,n/a     ,0,n/a,0,n/a,0,n/a,1,Pollen,0,,0,n/a,1,Kombucha,2.08,16,>10,0,0,0,0,0,0,0,1,,2/16/2025,03:14:00 PM,,3/5/2025,01:20:00 PM,none,"closed & moved her eyes , the swab touched other parts slightly",3/26/2025,12:50:00 PM,none,n/a
36,060,OS,3,Summer 2026,,JHH,25,F,White,non-hispanic,1,21231,0,n/a,1,Researcher,Lab,16,6,2,0,8,7,0,3,2,n/a,0,0,1,under eye cream,0,n/a,0,n/a,0,n/a,0,n/a,0,n/a,0,n/a,1,GI healthy (digestion),0,35,9.6,2,0,0,0,0,0,0,1,,3/5/2025,09:50:00 AM,,3/26/2025,12:10:00 PM,none,n/a,4/2/2025,01:22:00 PM,none,n/a
37,061,OD,3,Summer 2026,,JHH,26,F,Black,non-hispanic,1,21205,0,n/a,3,n/a,campus,17,6,1,0,8,6,0,3,2,n/a,0,1,0,n/a,0,n/a,0,n/a,0,n/a,0,n/a,0,n/a,0,n/a,0,n/a,0,14,>10,0,0,0,1,0,0,0,1,,3/5/2025,10:49:00 AM,,3/26/2025,09:54:00 AM,none,n/a,4/2/2025,10:36:00 AM,none,Both lid margin make-up residue
38,062,OS,3,Summer 2026,,JHH,57,F,White,non-hispanic,2,21057,1,2 dogs,1,nurse,operation room,11,10,3,0,8,6,1,4,2,n/a,0,1,1,night cream,0,n/a,0,n/a,0,n/a,1,"pollen, grass, dust",0,n/a,0,n/a,1,phyllium fiber,2.08333333333333,10,>10,0,0,0,2,1,0,1,1,,3/5/2025,02:48:00 PM,,4/23/2025,02:17:00 PM,using coconut oil on face before bed,n/a,5/21/2025,02:40:00 PM,none,n/a
39,063,OD,3,Summer 2026,,JHH,34,M,Black,non-hispanic,1,21201,0,n/a,3,research assistant,campus,9,13,2,0,10,7,0,3,2,n/a,0,0,0,n/a,0,n/a,0,n/a,0,n/a,0,n/a,0,n/a,0,n/a,0,n/a,0,6,>10,0,0,0,1,0,0,0,1,,3/26/2025,11:51:00 AM,,4/2/2025,10:43:00 AM,none,n/a,4/9/2025,10:34:00 AM,none,n/a
40,065,OS,3,Summer 2026,,JHH,27,F,Black,non-hispanic,1,21205,0,n/a,3,n/a,campus,17,5,2,0,10,7,0,4,2,n/a,0,0,1,eyeliner,0,n/a,0,n/a,0,n/a,0,n/a,0,n/a,0,n/a,0,n/a,4.16666666666667,26,>10,0,0,0,0,0,0,0,1,,3/26/2025,03:45:00 PM,,4/2/2025,01:16:00 PM,none,make-up residue on lid-margin OU,4/9/2025,11:38:00 AM,none,n/a
41,067,OS,3,Summer 2026,,JHH,29,F,Black,non-hispanic,1,21205,0,n/a,3,n/a,campus,15.5,8,0.5,0,9,6,0,4,2,n/a,0,1,1,face wash,0,n/a,0,n/a,0,n/a,0,n/a,0,n/a,0,n/a,0,n/a,2.08333333333333,4,>10,1,0,0,0,0,0,0,1,,4/2/2025,02:17:00 PM,,4/16/2025,02:17:00 PM,none,n/a,4/30/2025,11:10:00 AM,none,n/a
42,068,OD,3,Summer 2026,,JHH,31,F,White,non-hispanic,1,21202,0,n/a,1,graduate student,lab,12,10,2,0,5,6,0,4,4,tobacco,0,0,1,eye cream (kohls avacado),1,seasonal allergic conjunctivitis,1,patanol 2003,0,n/a,1,"Dust, pollen (Vaccinated between 2001-2004)",0,n/a,0,n/a,1,probotic 2023 for a year,8.33333333333333,31,>10,0,0,0,0,0,0,0,1,,4/9/2025,10:02:00 AM,,4/16/2025,11:30:00 AM,none,n/a,4/23/2025,10:36:00 AM,none,n/a
43,069,OS,3,Summer 2026,,JHH,53,M,White,non-hispanic,2,21076,1,1 dog,1,graphic designer,hospital/office,13,8,1,2,10,8,0,4,4,tobacco,0,1,0,n/a,0,n/a,0,n/a,0,n/a,1,"cat, seasonal",1,gout  attack in 2023,0,n/a,1,probotic since 2022,0,10,>10,0,0,0,1,0,0,1,1,,4/9/2025,02:20:00 PM,,4/16/2025,01:00:00 PM,slit lamp taken this visit,n/a,4/23/2025,01:27:00 PM,started vit b12 and  2 scoop of creatinine powder in coffee daily,n/a
44,070,OD,3,Summer 2026,,JHH,45,M,Black,non-hispanic,1,21213,1,4 dogs,1,patient service coordinator,hospital ,14,8,2,0,10,8,0,4,2,n/a,0,0,0,n/a,1,conjuctivitis (more than 5 years ago),0,n/a,0,n/a,0,n/a,1,kidney disease,0,n/a,0,n/a,0,34,>10,0,0,0,1,0,0,1,1,,4/16/2025,11:03:00 AM,,4/23/2025,10:26:00 AM,none,n/a,4/30/2025,11:44:00 AM,none,n/a
45,071,OS,3,Summer 2026,,JHH,28,M,Black,non-hispanic,1,21205,0,n/a,3,n/a,campus,15,8,1,0,12,7,0,4,2,n/a,0,0,1,"eye cream, vit c serum",0,n/a,0,n/a,0,n/a,0,n/a,0,n/a,1,amoxcillin 10 days for thooth infection 11 months ago,0,n/a,0,16,>10,0,0,0,0,0,0,0,1,,4/16/2025,02:00:00 PM,,4/23/2025,01:50:00 PM,none,n/a,4/30/2025,11:50:00 AM,none,n/a
46,073,OD,3,Summer 2026,,JHH,30,M,White,Hispanic,1,21231,1,3 dogs,1,senior research specialist,lab,15,8,1,0,7,7,0,3,2,n/a,0,0,0,n/a,0,n/a,1,allergy eye drop 2016,0,n/a,1,pollen,1,chronic migraine last attack summer 2024,0,n/a,0,n/a,0,35,>10,0,0,0,1,1,0,0,1,,4/30/2025,10:54:00 AM,,5/14/2025,02:27:00 PM,none,n/a,5/21/2025,10:25:00 AM,none,n/a
47,074,OS,3,Summer 2026,,JHH,65,M,White,non-hispanic,1,21231,0,n/a,1,scientist,lab,14,9,1,0,9,7,0,4,2,n/a,0,1,0,n/a,1,amblyopia age 5,0,n/a,1,strabismus surgery age 5,1,hay fever,0,n/a,0,n/a,0,n/a,0,12,>10,1,0,1,2,1,0,0,1,,4/30/2025,02:52:00 PM,,5/14/2025,02:40:00 PM,none,n/a,5/21/2025,02:19:00 PM,none,n/a
48,075,OD,1,Summer 2026,,GSS,73,F,White,non-hispanic,1,21218,1,"1 dog, 1 turtle",4,interior designer,home office,19,0,5,0,2,7.5,0,4,2,n/a,0,1,1,mositure/sunscreen,1,fuchs dystrophia,1,rhopressa 2 weeks 2023,1,cataract 2018,1,"seasonal,hay fever, shrimp",1,"hypercholestrolemia, GERD",0,n/a,1,1 month 2020,0,16,>10,0,0,0,1,1,0,0,3,,5/13/2025,02:44:00 PM,,n/a,n/a,n/a,n/a,n/a,n/a,n/a,n/a
49,076,OS,1,Summer 2026,,JHH,33,M,White,Hispanic,1,21231,1,3 dogs,1,assistant manager,aquarium,10,10,4,0,8,7,0,2,2,n/a,0,1,1,"eye cream, retinol under eye",0,n/a,0,n/a,0,n/a,0,n/a,1,hypothyroidism since 2024,0,n/a,1,"3 week 2024 pill, 2024 kombucha as needed",0,7,>10,0,0,0,0,0,0,0,1,,5/14/2025,12:54:00 PM,,n/a,n/a,n/a,n/a,n/a,n/a,n/a,n/a
50,077,OD,1,Summer 2026,,JHH,24,M,White,non-hispanic,1,21205,0,n/a,1,research technologist,lab,12,10,2,0,15,6,0,4,2,n/a,0,0,0,n/a,0,n/a,0,n/a,0,n/a,0,n/a,0,n/a,0,n/a,0,n/a,4.16666666666667,11,>10,0,0,0,0,0,0,0,1,,5/14/2025,01:56:00 PM,,5/21/2025,02:10:00 PM,none,OD closed his eye during collection,5/28/2025,02:00:00 PM,none,n/a
51,078,OS,1,Summer 2026,,JHH,31,F,White,non-hispanic,3,20639,1,"3 dogs, 2 cats",1,senior marine mammal trainer,aquarium,11,8,1,0,4,8,0,1,2,n/a,0,0,1,"eye shadow, mascara",0,n/a,0,n/a,0,n/a,0,n/a,0,n/a,1,sinus infection for 7 days in 2024 early summer ,0,n/a,0,12,>10,0,1,0,0,0,0,0,1,,5/14/2025,04:21:00 PM,,5/21/2025,03:24:00 PM,none,n/a,n/a,n/a,n/a,n/a
52,079,OD,1,Summer 2026,,GSS,63,M,White,non-hispanic,2,21093,1,"1 dog, 1 cat",1,optician supervisor,clinic,14,8,2,0,10,9,1,4,4,cigarette,0,1,0,n/a,1,cataract and retinal tear,1,post-op drops for cataract,1,"CEIOL 2018, Retinal tear with saline injection (2019)",1,seasonal,1,"hypertension, hyperlipidemia, chronic sinusitis",0,n/a,1,couple of weeks 2023  probiotic capsules,2.08333333333333,7,>10,0,0,0,1,0,1,1,3,,5/20/2025,03:38:00 PM,,m,n/a,n/a,n/a,n/a,n/a,n/a,n/a
53,080,OS,1,Summer 2026,,JHH,30,F,Black,non-hispanic,1,21202,0,n/a,3,n/a,campus,18,5,1,0,15,5,0,4,2,n/a,0,1,1,"mascara, eyeliner, dark circle eyecream stopped 4 months ago",0,n/a,1,"4-6 weeks 2022, itchy eye",0,n/a,1,dust,0,n/a,1,3 days prophylactic malaria antibiotic Dec 2024,1,prebiotic pills for past 2 months,2.77777777777778,24,>10,0,0,m,0,0,0,1,1,,5/21/2025,10:09:00 AM,eye make-up residue visible in the tube,5/28/2025,10:36:00 AM,cotrimoxazole 160/800mg tablet 5/22/2025 and 5/23/2025 for sore throat started on 5/20/2025,n/a,6/11/2025,03:55:00 PM,none,n/a
54,081,OD,1,Summer 2026,,JHH,35,M,White,non-hispanic,2,21220,0,n/a,1,medical office coordinator,hospital,10,9,5,0,10,6,0,3,4,"cigarette, cigar",0,1,0,n/a,0,n/a,0,n/a,0,n/a,1,nickle,0,n/a,0,n/a,0,n/a,0,8,>10,0,0,1,1,1,1,1,1,,5/21/2025,11:20:00 AM,,5/28/2025,10:44:00 AM,none,n/a,6/11/2025,10:20:00 AM,none,n/a
55,082,OS,1,Summer 2026,,JHH,32,F,Black,non-hispanic,2,21215,0,n/a,1,medical office coordinator,hospital,14,8,2,0,12,6,0,4,2,n/a,0,1,1,"eyeliner, powder based eyeshadow, liquid based concealer",1,"Trauma OS eyelid split in half 2010,  stye OS twice  last 2024",1,otc eyedrops for styes,1,"reconstructive eyelid surgery OS 2010, stye OS removal",0,n/a,1,asthma,0,n/a,0,n/a,2.27272727272727,17,>10,0,0,0,0,0,0,1,1,,5/28/2025,11:48:00 AM,eye makeup residue,6/11/2025,10:28:00 AM,none,n/a,n/a,n/a,n/a,n/a
56,083,OD,1,Summer 2026,,JHH,32,M,Asian,non-hispanic,1,21212,0,n/a,1,postdoc,lab,13,9,2,0,5,7,0,4,2,n/a,0,1,0,n/a,1,dry eye jun 2024,1,otc artifical tears,0,n/a,0,n/a,0,n/a,0,n/a,0,n/a,0,35,>10,0,0,0,1,1,0,0,1,,5/28/2025,12:45:00 PM,,n/a,n/a,n/a,n/a,n/a,n/a,n/a,n/a
57,084,OS,1,Summer 2026,,JHH,35,M,Asian,non-hispanic,1,21212,0,n/a,1,postdoc,lab,14,8,2,0,7,7,0,3,2,n/a,0,1,0,n/a,0,n/a,0,n/a,0,n/a,0,n/a,0,n/a,0,n/a,0,n/a,0,3,>10,0,1,0,0,0,0,0,1,,5/28/2025,01:46:00 PM,,6/11/2025,10:37:00 AM,none,n/a,n/a,n/a,n/a,n/a
