omc_id,sample_id,sample_name,non_human_reads,individual_id
pitt00001,0000-3217-20230901-dnaextneg,0000-3217-20230901-dnaextneg_S38,914,NA
pitt00002,0000-3269-20230808-negext1ctrl-2,0000-3269-20230808-negext1ctrl-2_S28,79662,NA
pitt00003,0000-3269-20230808-negextract1ctrl,0000-3269-20230808-negextract1ctrl_S28,75758,NA
pitt00004,0000-3271-20231005-negext2ctrl-2,0000-3271-20231005-negext2ctrl-2_S40,64164,NA
pitt00005,0000-3271-20231005-negextract2ctrl,0000-3271-20231005-negextract2ctrl_S40,57720,NA
pitt00006,0000-3277-20231209-negext3ctrl-40c-2,0000-3277-20231209-negext3ctrl-40c-2_S50,6982,NA
pitt00007,0000-3277-20231209-negextract3ctrl-40c,0000-3277-20231209-negextract3ctrl-40c_S50,6504,NA
pitt00008,0000-3301-20240104-negext4-D,0000-3301-20240104-negext4-D_S70,722,NA
pitt00009,0000-3303-20240106-negext5-D,0000-3303-20240106-negext5-D_S72,25068,NA
pitt00010,0000-3305-20240109-negext6-D,0000-3305-20240109-negext6-D_S74,562,NA
pitt00011,0000-3359-20240106-negext5-D,0000-3359-20240106-negext5-D_S22,666,NA
pitt00012,0000-3408-20240308-negext10-D,0000-3408-20240308-negext10-D_S32,2110,NA
pitt00013,0000-3544-20240926-negext11-D,0000-3544-20240926-negext11-D_S76,53970,NA
pitt00014,0000-3545-20240930-negext12-D,0000-3545-20240930-negext12-D_S77,80604,NA
pitt00015,0000-3546-20241017-negext13-D,0000-3546-20241017-negext13-D_S78,181438,NA
pitt00016,0000-3547-20241019-negext14-D,0000-3547-20241019-negext14-D_S79,70988,NA
pitt00017,0000-3651-20250501-negext1-D,0000-3651-20250501-negext1-D_S94,163108,NA
pitt00018,0000-3690-20250604-negext1-D,0000-3690-20250604-negext1-D_S93,39714,NA
pitt00019,0000-3694-20250610-negext1-D,0000-3694-20250610-negext1-D_S170,183282,NA
pitt00020,0000-3713-20250922-negext1-D,0000-3713-20250922-negext1-D_S79,208812,NA
pitt00021,0017-3259-20230807-neg-cDNA-ctrl-2,0017-3259-20230807-neg-cDNA-ctrl-2_S12,87598,NA
pitt00022,0017-3259-20230807-neg-cDNA-ctrl,0017-3259-20230807-neg-cDNA-ctrl_S12,83460,NA
pitt00023,0017-3279-20231209-negext3ctrl-R-40c-2,0017-3279-20231209-negext3ctrl-R-40c-2_S56,115582,NA
pitt00024,0017-3279-20231209-negextract3ctrl-R-40c,0017-3279-20231209-negextract3ctrl-R-40c_S56,112580,NA
pitt00025,0017-3288-20231209-negext3ctrl-R-30c-2,0017-3288-20231209-negext3ctrl-R-30c-2_S69,108782,NA
pitt00026,0017-3288-20231209-negextract3ctrl-R-30c,0017-3288-20231209-negextract3ctrl-R-30c_S69,105156,NA
pitt00027,0017-3315-20240104-negext4-R,0017-3315-20240104-negext4-R_S152,103738,NA
pitt00028,0017-3319-20240106-negext5-R,0017-3319-20240106-negext5-R_S156,165440,NA
pitt00029,0017-3323-20240109-negext6-R,0017-3323-20240109-negext6-R_S160,190478,NA
pitt00030,0017-3327-20240111-negext7-R,0017-3327-20240111-negext7-R_S164,131034,NA
pitt00031,0017-3331-20240116-negext8-R,0017-3331-20240116-negext8-R_S168,174358,NA
pitt00032,0017-3339-20240104-negext4-NoRT,0017-3339-20240104-negext4-NoRT_S180,1388,NA
pitt00033,0017-3366-20240106-negext5-R,0017-3366-20240106-negext5-R_S45,2956,NA
pitt00034,0017-3368-20240111-negext7-R,0017-3368-20240111-negext7-R_S47,22960,NA
pitt00035,0017-3369-20240116-negext8-R,0017-3369-20240116-negext8-R_S48,37100,NA
pitt00036,0017-3414-20240306-negext9-R-thm,0017-3414-20240306-negext9-R-thm_S52,958,NA
pitt00037,0017-3418-20240306-negext9-R-neb,0017-3418-20240306-negext9-R-neb_S84,1824,NA
pitt00038,0017-3422-20240308-negext10-R-thm,0017-3422-20240308-negext10-R-thm_S88,121596,NA
pitt00039,0017-3655-20250501-negext1-R-thm,0017-3655-20250501-negext1-R-thm_S94,60002,NA
pitt00040,0017-3674-20250604-negext1-R-thm,0017-3674-20250604-negext1-R-thm_S93,164900,NA
pitt00041,0017-3678-20250610-negext1-R-thm,0017-3678-20250610-negext1-R-thm_S138,115954,NA
pitt00042,0017-3717-20250922-negext1-R,0017-3717-20250922-negext1-R_S161,223660,NA
pitt00043,0031-3316-20240104-cDNAneg1,0031-3316-20240104-cDNAneg1_S153,46668,NA
pitt00044,0031-3317-20240104-cDNAneg2,0031-3317-20240104-cDNAneg2_S154,45048,NA
pitt00045,0031-3320-20240106-cDNAneg1,0031-3320-20240106-cDNAneg1_S157,30268,NA
pitt00046,0031-3321-20240106-cDNAneg2,0031-3321-20240106-cDNAneg2_S158,30848,NA
pitt00047,0031-3324-20240109-cDNAneg1,0031-3324-20240109-cDNAneg1_S161,22544,NA
pitt00048,0031-3325-20240109-cDNAneg2,0031-3325-20240109-cDNAneg2_S162,27470,NA
pitt00049,0031-3328-20240111-cDNAneg1,0031-3328-20240111-cDNAneg1_S165,28318,NA
pitt00050,0031-3329-20240111-cDNAneg2,0031-3329-20240111-cDNAneg2_S166,9084,NA
pitt00051,0031-3332-20240116-cDNAneg1,0031-3332-20240116-cDNAneg1_S169,44628,NA
pitt00052,0031-3333-20240116-cDNAneg2,0031-3333-20240116-cDNAneg2_S170,36794,NA
pitt00053,0031-3340-20240104-cDNAneg1-NoRT,0031-3340-20240104-cDNAneg1-NoRT_S181,114,NA
pitt00054,0031-3341-20240104-cDNAneg2-NoRT,0031-3341-20240104-cDNAneg2-NoRT_S182,1100,NA
pitt00055,0031-3370-20240104-cDNAneg1,0031-3370-20240104-cDNAneg1_S49,724,NA
pitt00056,0031-3371-20240104-cDNAneg2,0031-3371-20240104-cDNAneg2_S50,98,NA
pitt00057,0031-3380-20240104-cDNAneg1,0031-3380-20240104-cDNAneg1_S59,192,NA
pitt00058,0031-3389-20240104-cDNAneg1,0031-3389-20240104-cDNAneg1_S68,1390,NA
pitt00059,0031-3415-20240306-cDNAneg1-thm,0031-3415-20240306-cDNAneg1-thm_S53,46538,NA
pitt00060,0031-3416-20240306-cDNAneg2-thm,0031-3416-20240306-cDNAneg2-thm_S54,79622,NA
pitt00061,0031-3419-20240306-cDNAneg1-neb,0031-3419-20240306-cDNAneg1-neb_S85,39068,NA
pitt00062,0031-3420-20240306-cDNAneg2-neb,0031-3420-20240306-cDNAneg2-neb_S86,34198,NA
pitt00063,0031-3423-20240308-cDNAneg1-thm,0031-3423-20240308-cDNAneg1-thm_S89,59674,NA
pitt00064,0031-3424-20240308-cDNAneg2-thm,0031-3424-20240308-cDNAneg2-thm_S90,60746,NA
pitt00065,0031-3550-20240926-cDNAneg1-thm,0031-3550-20240926-cDNAneg1-thm_S76,58892,NA
pitt00066,0031-3551-20240926-cDNAneg2-thm,0031-3551-20240926-cDNAneg2-thm_S77,82314,NA
pitt00067,0031-3552-20240930-cDNAneg1-thm,0031-3552-20240930-cDNAneg1-thm_S78,2778,NA
pitt00068,0031-3553-20240930-cDNAneg2-thm,0031-3553-20240930-cDNAneg2-thm_S79,41824,NA
pitt00069,0031-3554-20241017-cDNAneg1-thm,0031-3554-20241017-cDNAneg1-thm_S80,33802,NA
pitt00070,0031-3555-20241017-cDNAneg2-thm,0031-3555-20241017-cDNAneg2-thm_S81,40314,NA
pitt00071,0031-3556-20241019-cDNAneg1-thm,0031-3556-20241019-cDNAneg1-thm_S82,48446,NA
pitt00072,0031-3557-20241019-cDNAneg2-thm,0031-3557-20241019-cDNAneg2-thm_S83,45410,NA
pitt00073,0031-3558-20241019-cDNAneg1-thm,0031-3558-20241019-cDNAneg1-thm_S84,7576,NA
pitt00074,0031-3559-20241019-cDNAneg2-thm,0031-3559-20241019-cDNAneg2-thm_S85,6662,NA
pitt00075,0031-3680-20250610-cDNAneg1-NoRT,0031-3680-20250610-cDNAneg1-NoRT_S146,89868,NA
pitt00076,0031-3681-20250610-cDNAneg2-NoRT,0031-3681-20250610-cDNAneg2-NoRT_S147,50,NA
pitt00077,0031-3682-20250610-cDNAneg1-NoRT,0031-3682-20250610-cDNAneg1-NoRT_S148,59108,NA
pitt00078,0031-3683-20250610-cDNAneg2-NoRT,0031-3683-20250610-cDNAneg2-NoRT_S149,75136,NA
pitt00079,0031-3686-20250707-cDNAneg1-NoRT,0031-3686-20250707-cDNAneg1-NoRT_S184,770,NA
pitt00080,0031-3687-20250707-cDNAneg2-NoRT,0031-3687-20250707-cDNAneg2-NoRT_S185,63462,NA
pitt00081,0031-3719-20250923-cDNAneg1-NoRT,0031-3719-20250923-cDNAneg1-NoRT_S163,214256,NA
pitt00082,0031-3720-20250923-cDNAneg2-NoRT,0031-3720-20250923-cDNAneg2-NoRT_S164,16458,NA
pitt00083,0262-HCF001-20240826-DOD-CS,0262-HCF001-20240826-DOD-CS_S41,230634,HCF001
pitt00084,0262-HCF001-20240826-ROD-CS-thm,0262-HCF001-20240826-ROD-CS-thm_S41,204468,HCF001
pitt00085,0262-HCF001-20240903-DOD-CS,0262-HCF001-20240903-DOD-CS_S60,166388,HCF001
pitt00086,0262-HCF001-20240903-ROD-CS-thm,0262-HCF001-20240903-ROD-CS-thm_S60,243906,HCF001
pitt00087,0262-HCF001-20241105-DOD-CS,0262-HCF001-20241105-DOD-CS_S25,49440,HCF001
pitt00088,0262-HCF001-20241105-ROD-CS,0262-HCF001-20241105-ROD-CS_S25,156234,HCF001
pitt00089,0262-HCF002-20240827-DOD-CS,0262-HCF002-20240827-DOD-CS_S44,255064,HCF002
pitt00090,0262-HCF002-20240827-ROD-CS-thm,0262-HCF002-20240827-ROD-CS-thm_S44,174106,HCF002
pitt00091,0262-HCF002-20240903-DOD-CS,0262-HCF002-20240903-DOD-CS_S61,232906,HCF002
pitt00092,0262-HCF002-20240903-ROD-CS-thm,0262-HCF002-20240903-ROD-CS-thm_S61,227204,HCF002
pitt00093,0262-HCF002-20241105-DOD-CS,0262-HCF002-20241105-DOD-CS_S26,43764,HCF002
pitt00094,0262-HCF002-20241105-ROD-CS,0262-HCF002-20241105-ROD-CS_S26,107158,HCF002
pitt00095,0262-HCF003-20240829-DOD-CS,0262-HCF003-20240829-DOD-CS_S56,215408,HCF003
pitt00096,0262-HCF003-20240829-ROD-CS-thm,0262-HCF003-20240829-ROD-CS-thm_S56,192494,HCF003
pitt00097,0262-HCF003-20240909-DOD-CS,0262-HCF003-20240909-DOD-CS_S4,13838,HCF003
pitt00098,0262-HCF003-20241119-DOD-CS,0262-HCF003-20241119-DOD-CS_S31,47662,HCF003
pitt00099,0262-HCF003-20241119-ROD-CS,0262-HCF003-20241119-ROD-CS_S31,73382,HCF003
pitt00100,0262-HCF004-20240828-DOD-CS,0262-HCF004-20240828-DOD-CS_S49,103930,HCF004
pitt00101,0262-HCF004-20240828-ROD-CS-thm,0262-HCF004-20240828-ROD-CS-thm_S49,289322,HCF004
pitt00102,0262-HCF004-20240905-DOD-CS,0262-HCF004-20240905-DOD-CS_S1,95226,HCF004
pitt00103,0262-HCF004-20240905-ROD-CS-thm,0262-HCF004-20240905-ROD-CS-thm_S1,465254,HCF004
pitt00104,0262-HCF004-20241203-DOD-CS,0262-HCF004-20241203-DOD-CS_S45,10292,HCF004
pitt00105,0262-HCF004-20241203-ROD-CS,0262-HCF004-20241203-ROD-CS_S45,72422,HCF004
pitt00106,0262-HCF005-20240827-DOD-CS,0262-HCF005-20240827-DOD-CS_S45,199156,HCF005
pitt00107,0262-HCF005-20240827-ROD-CS-thm,0262-HCF005-20240827-ROD-CS-thm_S45,172362,HCF005
pitt00108,0262-HCF005-20240905-DOD-CS,0262-HCF005-20240905-DOD-CS_S73,229620,HCF005
pitt00109,0262-HCF005-20240905-ROD-CS-thm,0262-HCF005-20240905-ROD-CS-thm_S73,213908,HCF005
pitt00110,0262-HCF006-20240829-DOD-CS,0262-HCF006-20240829-DOD-CS_S57,188070,HCF006
pitt00111,0262-HCF006-20240829-ROD-CS-thm,0262-HCF006-20240829-ROD-CS-thm_S57,220930,HCF006
pitt00112,0262-HCF006-20240904-DOD-CS,0262-HCF006-20240904-DOD-CS_S65,298308,HCF006
pitt00113,0262-HCF006-20240904-ROD-CS-thm,0262-HCF006-20240904-ROD-CS-thm_S65,227116,HCF006
pitt00114,0262-HCF006-20241209-DOD-CS,0262-HCF006-20241209-DOD-CS_S51,28734,HCF006
pitt00115,0262-HCF006-20241209-ROD-CS,0262-HCF006-20241209-ROD-CS_S51,66490,HCF006
pitt00116,0262-HCF007-20240828-DOD-CS,0262-HCF007-20240828-DOD-CS_S50,232,HCF007
pitt00117,0262-HCF007-20240828-ROD-CS-thm,0262-HCF007-20240828-ROD-CS-thm_S50,249650,HCF007
pitt00118,0262-HCF007-20240912-DOD-CS,0262-HCF007-20240912-DOD-CS_S44,284088,HCF007
pitt00119,0262-HCF007-20240912-ROD-CS-thm,0262-HCF007-20240912-ROD-CS-thm_S44,296182,HCF007
pitt00120,0262-HCF007-20250114-DOD-CS,0262-HCF007-20250114-DOD-CS_S62,79608,HCF007
pitt00121,0262-HCF007-20250114-ROD-CS,0262-HCF007-20250114-ROD-CS_S62,92330,HCF007
pitt00122,0262-HCF009-20240828-DOD-CS,0262-HCF009-20240828-DOD-CS_S51,247344,HCF009
pitt00123,0262-HCF009-20240828-ROD-CS-thm,0262-HCF009-20240828-ROD-CS-thm_S51,196902,HCF009
pitt00124,0262-HCF009-20240903-DOD-CS,0262-HCF009-20240903-DOD-CS_S62,250852,HCF009
pitt00125,0262-HCF009-20240903-ROD-CS-thm,0262-HCF009-20240903-ROD-CS-thm_S62,263768,HCF009
pitt00126,0262-HCF010-20240826-DOD-CS,0262-HCF010-20240826-DOD-CS_S42,183924,HCF010
pitt00127,0262-HCF010-20240826-ROD-CS-thm,0262-HCF010-20240826-ROD-CS-thm_S42,212670,HCF010
pitt00128,0262-HCF010-20240904-DOD-CS,0262-HCF010-20240904-DOD-CS_S66,264150,HCF010
pitt00129,0262-HCF010-20240904-ROD-CS-thm,0262-HCF010-20240904-ROD-CS-thm_S66,294310,HCF010
pitt00130,0262-HCF010-20241105-DOD-CS,0262-HCF010-20241105-DOD-CS_S27,1220,HCF010
pitt00131,0262-HCF010-20241105-ROD-CS,0262-HCF010-20241105-ROD-CS_S27,38,HCF010
pitt00132,0262-HCF011-20240829-DOD-CS,0262-HCF011-20240829-DOD-CS_S58,214536,HCF011
pitt00133,0262-HCF011-20240829-ROD-CS-thm,0262-HCF011-20240829-ROD-CS-thm_S58,231028,HCF011
pitt00134,0262-HCF011-20240905-DOD-CS,0262-HCF011-20240905-DOD-CS_S72,255482,HCF011
pitt00135,0262-HCF011-20240905-ROD-CS-thm,0262-HCF011-20240905-ROD-CS-thm_S72,210824,HCF011
pitt00136,0262-HCF011-20241119-DOD-CS,0262-HCF011-20241119-DOD-CS_S32,28056,HCF011
pitt00137,0262-HCF011-20241119-ROD-CS,0262-HCF011-20241119-ROD-CS_S32,119198,HCF011
pitt00138,0262-HCF012-20240826-DOD-CS,0262-HCF012-20240826-DOD-CS_S43,289032,HCF012
pitt00139,0262-HCF012-20240826-ROD-CS-thm,0262-HCF012-20240826-ROD-CS-thm_S43,143800,HCF012
pitt00140,0262-HCF012-20240904-DOD-CS,0262-HCF012-20240904-DOD-CS_S67,258860,HCF012
pitt00141,0262-HCF012-20240904-ROD-CS-thm,0262-HCF012-20240904-ROD-CS-thm_S67,172606,HCF012
pitt00142,0262-HCF012-20241105-DOD-CS,0262-HCF012-20241105-DOD-CS_S28,34948,HCF012
pitt00143,0262-HCF012-20241105-ROD-CS,0262-HCF012-20241105-ROD-CS_S28,97022,HCF012
pitt00144,0262-HCF013-20240827-DOD-CS,0262-HCF013-20240827-DOD-CS_S46,208274,HCF013
pitt00145,0262-HCF013-20240827-ROD-CS-thm,0262-HCF013-20240827-ROD-CS-thm_S46,258182,HCF013
pitt00146,0262-HCF013-20240904-DOD-CS,0262-HCF013-20240904-DOD-CS_S68,248520,HCF013
pitt00147,0262-HCF013-20240904-ROD-CS-thm,0262-HCF013-20240904-ROD-CS-thm_S68,256308,HCF013
pitt00148,0262-HCF013-20241202-DOD-CS,0262-HCF013-20241202-DOD-CS_S35,107150,HCF013
pitt00149,0262-HCF013-20241202-ROD-CS,0262-HCF013-20241202-ROD-CS_S35,60312,HCF013
pitt00150,0262-HCF014-20240828-DOD-CS,0262-HCF014-20240828-DOD-CS_S52,213916,HCF014
pitt00151,0262-HCF014-20240828-ROD-CS-thm,0262-HCF014-20240828-ROD-CS-thm_S52,339328,HCF014
pitt00152,0262-HCF014-20240904-DOD-CS,0262-HCF014-20240904-DOD-CS_S69,215518,HCF014
pitt00153,0262-HCF014-20240904-ROD-CS-thm,0262-HCF014-20240904-ROD-CS-thm_S69,265860,HCF014
pitt00154,0262-HCF014-20241203-DOD-CS,0262-HCF014-20241203-DOD-CS_S46,51890,HCF014
pitt00155,0262-HCF014-20241203-ROD-CS,0262-HCF014-20241203-ROD-CS_S46,72960,HCF014
pitt00156,0262-HCF015-20240829-DOD-CS,0262-HCF015-20240829-DOD-CS_S59,204458,HCF015
pitt00157,0262-HCF015-20240829-ROD-CS-thm,0262-HCF015-20240829-ROD-CS-thm_S59,272286,HCF015
pitt00158,0262-HCF016-20240827-DOD-CS,0262-HCF016-20240827-DOD-CS_S47,205190,HCF016
pitt00159,0262-HCF016-20240827-ROD-CS-thm,0262-HCF016-20240827-ROD-CS-thm_S47,231772,HCF016
pitt00160,0262-HCF016-20240903-DOD-CS,0262-HCF016-20240903-DOD-CS_S63,231186,HCF016
pitt00161,0262-HCF016-20240903-ROD-CS-thm,0262-HCF016-20240903-ROD-CS-thm_S63,308968,HCF016
pitt00162,0262-HCF016-20250121-DOD-CS,0262-HCF016-20250121-DOD-CS_S71,3366,HCF016
pitt00163,0262-HCF016-20250121-ROD-CS,0262-HCF016-20250121-ROD-CS_S71,102364,HCF016
pitt00164,0262-HCF017-20240909-DOD-CS,0262-HCF017-20240909-DOD-CS_S8,5584,HCF017
pitt00165,0262-HCF017-20240909-ROD-CS-thm,0262-HCF017-20240909-ROD-CS-thm_S8,15638,HCF017
pitt00166,0262-HCF017-20240918-DOD-CS,0262-HCF017-20240918-DOD-CS_S46,6072,HCF017
pitt00167,0262-HCF017-20240918-ROD-CS-thm,0262-HCF017-20240918-ROD-CS-thm_S46,530,HCF017
pitt00168,0262-HCF017-20250121-DOD-CS,0262-HCF017-20250121-DOD-CS_S72,1894,HCF017
pitt00169,0262-HCF017-20250121-ROD-CS,0262-HCF017-20250121-ROD-CS_S72,143118,HCF017
pitt00170,0262-HCF018-20240828-DOD-CS,0262-HCF018-20240828-DOD-CS_S53,305298,HCF018
pitt00171,0262-HCF018-20240828-ROD-CS-thm,0262-HCF018-20240828-ROD-CS-thm_S53,283498,HCF018
pitt00172,0262-HCF018-20240904-DOD-CS,0262-HCF018-20240904-DOD-CS_S70,204656,HCF018
pitt00173,0262-HCF018-20240904-ROD-CS-thm,0262-HCF018-20240904-ROD-CS-thm_S70,246430,HCF018
pitt00174,0262-HCF018-20241209-DOD-CS,0262-HCF018-20241209-DOD-CS_S52,116926,HCF018
pitt00175,0262-HCF018-20241209-ROD-CS,0262-HCF018-20241209-ROD-CS_S52,86636,HCF018
pitt00176,0262-HCF019-20240827-DOD-CS,0262-HCF019-20240827-DOD-CS_S48,233870,HCF019
pitt00177,0262-HCF019-20240827-ROD-CS-thm,0262-HCF019-20240827-ROD-CS-thm_S48,265294,HCF019
pitt00178,0262-HCF019-20240903-DOD-CS,0262-HCF019-20240903-DOD-CS_S64,228794,HCF019
pitt00179,0262-HCF019-20240903-ROD-CS-thm,0262-HCF019-20240903-ROD-CS-thm_S64,223446,HCF019
pitt00180,0262-HCF019-20241203-DOD-CS,0262-HCF019-20241203-DOD-CS_S47,71952,HCF019
pitt00181,0262-HCF019-20241203-ROD-CS,0262-HCF019-20241203-ROD-CS_S47,142238,HCF019
pitt00182,0262-HCF020-20240828-DOD-CS,0262-HCF020-20240828-DOD-CS_S54,215020,HCF020
pitt00183,0262-HCF020-20240828-ROD-CS-thm,0262-HCF020-20240828-ROD-CS-thm_S54,212258,HCF020
pitt00184,0262-HCF020-20240905-DOD-CS,0262-HCF020-20240905-DOD-CS_S75,215908,HCF020
pitt00185,0262-HCF020-20240905-ROD-CS-thm,0262-HCF020-20240905-ROD-CS-thm_S75,102848,HCF020
pitt00186,0262-HCF020-20241119-DOD-CS,0262-HCF020-20241119-DOD-CS_S33,26230,HCF020
pitt00187,0262-HCF020-20241119-ROD-CS,0262-HCF020-20241119-ROD-CS_S33,169500,HCF020
pitt00188,0262-HCF021-20240828-DOD-CS,0262-HCF021-20240828-DOD-CS_S55,259354,HCF021
pitt00189,0262-HCF021-20240828-ROD-CS-thm,0262-HCF021-20240828-ROD-CS-thm_S55,201054,HCF021
pitt00190,0262-HCF021-20240904-DOD-CS,0262-HCF021-20240904-DOD-CS_S71,267988,HCF021
pitt00191,0262-HCF021-20240904-ROD-CS-thm,0262-HCF021-20240904-ROD-CS-thm_S71,240890,HCF021
pitt00192,0262-HCF022-20240905-DOD-CS,0262-HCF022-20240905-DOD-CS_S74,251604,HCF022
pitt00193,0262-HCF022-20240905-ROD-CS-thm,0262-HCF022-20240905-ROD-CS-thm_S74,228048,HCF022
pitt00194,0262-HCF022-20240912-DOD-CS,0262-HCF022-20240912-DOD-CS_S45,38772,HCF022
pitt00195,0262-HCF022-20240912-ROD-CS-thm,0262-HCF022-20240912-ROD-CS-thm_S45,1280298,HCF022
pitt00196,0262-HCF023-20240909-DOD-CS,0262-HCF023-20240909-DOD-CS_S9,271444,HCF023
pitt00197,0262-HCF023-20240909-ROD-CS-thm,0262-HCF023-20240909-ROD-CS-thm_S9,264674,HCF023
pitt00198,0262-HCF023-20240916-DOD-CS,0262-HCF023-20240916-DOD-CS_S91,266902,HCF023
pitt00199,0262-HCF023-20240916-ROD-CS-thm,0262-HCF023-20240916-ROD-CS-thm_S91,637646,HCF023
pitt00200,0262-HCF023-20241203-DOD-CS,0262-HCF023-20241203-DOD-CS_S48,76686,HCF023
pitt00201,0262-HCF023-20241203-ROD-CS,0262-HCF023-20241203-ROD-CS_S48,115856,HCF023
pitt00202,0262-HCF024-20240909-DOD-CS,0262-HCF024-20240909-DOD-CS_S10,81990,HCF024
pitt00203,0262-HCF024-20240909-ROD-CS-thm,0262-HCF024-20240909-ROD-CS-thm_S10,211416,HCF024
pitt00204,0262-HCF024-20240924-DOD-CS,0262-HCF024-20240924-DOD-CS_S68,136164,HCF024
pitt00205,0262-HCF024-20240924-ROD-CS-thm,0262-HCF024-20240924-ROD-CS-thm_S68,218642,HCF024
pitt00206,0262-HCF024-20241203-DOD-CS,0262-HCF024-20241203-DOD-CS_S49,10554,HCF024
pitt00207,0262-HCF024-20241203-ROD-CS,0262-HCF024-20241203-ROD-CS_S49,112442,HCF024
pitt00208,0262-HCF025-20240909-DOD-CS,0262-HCF025-20240909-DOD-CS_S11,214072,HCF025
pitt00209,0262-HCF025-20240909-ROD-CS-thm,0262-HCF025-20240909-ROD-CS-thm_S11,316762,HCF025
pitt00210,0262-HCF025-20240916-DOD-CS,0262-HCF025-20240916-DOD-CS_S92,34828,HCF025
pitt00211,0262-HCF025-20240916-ROD-CS-thm,0262-HCF025-20240916-ROD-CS-thm_S92,600400,HCF025
pitt00212,0262-HCF026-20240910-DOD-CS,0262-HCF026-20240910-DOD-CS_S12,531740,HCF026
pitt00213,0262-HCF026-20240910-ROD-CS-thm,0262-HCF026-20240910-ROD-CS-thm_S12,256622,HCF026
pitt00214,0262-HCF026-20240918-DOD-CS,0262-HCF026-20240918-DOD-CS_S47,239670,HCF026
pitt00215,0262-HCF026-20240918-ROD-CS-thm,0262-HCF026-20240918-ROD-CS-thm_S47,126296,HCF026
pitt00216,0262-HCF026-20241202-DOD-CS,0262-HCF026-20241202-DOD-CS_S36,90646,HCF026
pitt00217,0262-HCF026-20241202-ROD-CS,0262-HCF026-20241202-ROD-CS_S36,85778,HCF026
pitt00218,0262-HCF027-20240910-DOD-CS,0262-HCF027-20240910-DOD-CS_S13,2165440,HCF027
pitt00219,0262-HCF027-20240910-ROD-CS-thm,0262-HCF027-20240910-ROD-CS-thm_S13,191414,HCF027
pitt00220,0262-HCF027-20240924-DOD-CS,0262-HCF027-20240924-DOD-CS_S69,244026,HCF027
pitt00221,0262-HCF027-20240924-ROD-CS-thm,0262-HCF027-20240924-ROD-CS-thm_S69,258402,HCF027
pitt00222,0262-HCF027-20241203-DOD-CS,0262-HCF027-20241203-DOD-CS_S50,57552,HCF027
pitt00223,0262-HCF027-20241203-ROD-CS,0262-HCF027-20241203-ROD-CS_S50,124922,HCF027
pitt00224,0262-HCF028-20240910-DOD-CS,0262-HCF028-20240910-DOD-CS_S14,144404,HCF028
pitt00225,0262-HCF028-20240910-ROD-CS-thm,0262-HCF028-20240910-ROD-CS-thm_S14,303096,HCF028
pitt00226,0262-HCF028-20240916-DOD-CS,0262-HCF028-20240916-DOD-CS_S1,4236,HCF028
pitt00227,0262-HCF028-20240916-ROD-CS,0262-HCF028-20240916-ROD-CS_S1,22372,HCF028
pitt00228,0262-HCF028-20241202-DOD-CS,0262-HCF028-20241202-DOD-CS_S37,10810,HCF028
pitt00229,0262-HCF028-20241202-ROD-CS,0262-HCF028-20241202-ROD-CS_S37,18,HCF028
pitt00230,0262-HCF029-20240910-DOD-CS,0262-HCF029-20240910-DOD-CS_S15,252900,HCF029
pitt00231,0262-HCF029-20240910-ROD-CS-thm,0262-HCF029-20240910-ROD-CS-thm_S15,256412,HCF029
pitt00232,0262-HCF029-20240918-DOD-CS,0262-HCF029-20240918-DOD-CS_S48,127524,HCF029
pitt00233,0262-HCF029-20240918-ROD-CS-thm,0262-HCF029-20240918-ROD-CS-thm_S48,225596,HCF029
pitt00234,0262-HCF029-20241202-DOD-CS,0262-HCF029-20241202-DOD-CS_S38,61130,HCF029
pitt00235,0262-HCF029-20241202-ROD-CS,0262-HCF029-20241202-ROD-CS_S38,87378,HCF029
pitt00236,0262-HCF030-20240910-DOD-CS,0262-HCF030-20240910-DOD-CS_S16,40950,HCF030
pitt00237,0262-HCF030-20240910-ROD-CS-thm,0262-HCF030-20240910-ROD-CS-thm_S16,299066,HCF030
pitt00238,0262-HCF030-20240918-DOD-CS,0262-HCF030-20240918-DOD-CS_S51,270792,HCF030
pitt00239,0262-HCF030-20240918-ROD-CS-thm,0262-HCF030-20240918-ROD-CS-thm_S51,158570,HCF030
pitt00240,0262-HCF030-20241202-ROD-CS,0262-HCF030-20241202-ROD-CS_S39,91676,HCF030
pitt00241,0262-HCF031-20240911-DOD-CS,0262-HCF031-20240911-DOD-CS_S32,196924,HCF031
pitt00242,0262-HCF031-20240911-ROD-CS-thm,0262-HCF031-20240911-ROD-CS-thm_S32,367554,HCF031
pitt00243,0262-HCF031-20240919-DOD-CS,0262-HCF031-20240919-DOD-CS_S52,218520,HCF031
pitt00244,0262-HCF031-20240919-ROD-CS-thm,0262-HCF031-20240919-ROD-CS-thm_S52,285116,HCF031
pitt00245,0262-HCF031-20241202-DOD-CS,0262-HCF031-20241202-DOD-CS_S40,32780,HCF031
pitt00246,0262-HCF031-20241202-ROD-CS,0262-HCF031-20241202-ROD-CS_S40,117508,HCF031
pitt00247,0262-HCF032-20240911-DOD-CS,0262-HCF032-20240911-DOD-CS_S33,57560,HCF032
pitt00248,0262-HCF032-20240911-ROD-CS-thm,0262-HCF032-20240911-ROD-CS-thm_S33,535860,HCF032
pitt00249,0262-HCF032-20240916-DOD-CS,0262-HCF032-20240916-DOD-CS_S2,29138,HCF032
pitt00250,0262-HCF032-20240916-ROD-CS,0262-HCF032-20240916-ROD-CS_S2,62090,HCF032
pitt00251,0262-HCF032-20241210-DOD-CS,0262-HCF032-20241210-DOD-CS_S57,115816,HCF032
pitt00252,0262-HCF032-20241210-ROD-CS,0262-HCF032-20241210-ROD-CS_S57,136338,HCF032
pitt00253,0262-HCF033-20240911-DOD-CS,0262-HCF033-20240911-DOD-CS_S34,127382,HCF033
pitt00254,0262-HCF033-20240911-ROD-CS-thm,0262-HCF033-20240911-ROD-CS-thm_S34,201310,HCF033
pitt00255,0262-HCF033-20240916-DOD-CS,0262-HCF033-20240916-DOD-CS_S3,3340,HCF033
pitt00256,0262-HCF033-20241202-DOD-CS,0262-HCF033-20241202-DOD-CS_S41,19528,HCF033
pitt00257,0262-HCF033-20241202-ROD-CS,0262-HCF033-20241202-ROD-CS_S41,106998,HCF033
pitt00258,0262-HCF034-20240911-DOD-CS,0262-HCF034-20240911-DOD-CS_S35,373132,HCF034
pitt00259,0262-HCF034-20240911-ROD-CS-thm,0262-HCF034-20240911-ROD-CS-thm_S35,58948,HCF034
pitt00260,0262-HCF034-20240918-DOD-CS,0262-HCF034-20240918-DOD-CS_S49,96138,HCF034
pitt00261,0262-HCF034-20240918-ROD-CS-thm,0262-HCF034-20240918-ROD-CS-thm_S49,315674,HCF034
pitt00262,0262-HCF034-20241209-DOD-CS,0262-HCF034-20241209-DOD-CS_S53,149194,HCF034
pitt00263,0262-HCF034-20241209-ROD-CS,0262-HCF034-20241209-ROD-CS_S53,55256,HCF034
pitt00264,0262-HCF035-20240911-DOD-CS,0262-HCF035-20240911-DOD-CS_S36,53858,HCF035
pitt00265,0262-HCF035-20240911-ROD-CS-thm,0262-HCF035-20240911-ROD-CS-thm_S36,514,HCF035
pitt00266,0262-HCF035-20240918-DOD-CS,0262-HCF035-20240918-DOD-CS_S50,140986,HCF035
pitt00267,0262-HCF035-20240918-ROD-CS-thm,0262-HCF035-20240918-ROD-CS-thm_S50,229336,HCF035
pitt00268,0262-HCF035-20241209-DOD-CS,0262-HCF035-20241209-DOD-CS_S54,38042,HCF035
pitt00269,0262-HCF035-20241209-ROD-CS,0262-HCF035-20241209-ROD-CS_S54,101354,HCF035
pitt00270,0262-HCF036-20240911-DOD-CS,0262-HCF036-20240911-DOD-CS_S37,250894,HCF036
pitt00271,0262-HCF036-20240911-ROD-CS-thm,0262-HCF036-20240911-ROD-CS-thm_S37,178204,HCF036
pitt00272,0262-HCF036-20240924-DOD-CS,0262-HCF036-20240924-DOD-CS_S70,273514,HCF036
pitt00273,0262-HCF036-20240924-ROD-CS-thm,0262-HCF036-20240924-ROD-CS-thm_S70,184,HCF036
pitt00274,0262-HCF036-20241211-DOD-CS,0262-HCF036-20241211-DOD-CS_S60,104974,HCF036
pitt00275,0262-HCF036-20241211-ROD-CS,0262-HCF036-20241211-ROD-CS_S60,96494,HCF036
pitt00276,0262-HCF037-20240912-DOD-CS,0262-HCF037-20240912-DOD-CS_S38,132128,HCF037
pitt00277,0262-HCF037-20240912-ROD-CS-thm,0262-HCF037-20240912-ROD-CS-thm_S38,503734,HCF037
pitt00278,0262-HCF037-20240919-DOD-CS,0262-HCF037-20240919-DOD-CS_S53,185324,HCF037
pitt00279,0262-HCF037-20240919-ROD-CS-thm,0262-HCF037-20240919-ROD-CS-thm_S53,304644,HCF037
pitt00280,0262-HCF037-20250114-DOD-CS,0262-HCF037-20250114-DOD-CS_S63,5374,HCF037
pitt00281,0262-HCF037-20250114-ROD-CS,0262-HCF037-20250114-ROD-CS_S63,105752,HCF037
pitt00282,0262-HCF038-20240912-DOD-CS,0262-HCF038-20240912-DOD-CS_S39,138844,HCF038
pitt00283,0262-HCF038-20240912-ROD-CS-thm,0262-HCF038-20240912-ROD-CS-thm_S39,427688,HCF038
pitt00284,0262-HCF038-20240919-DOD-CS,0262-HCF038-20240919-DOD-CS_S54,172024,HCF038
pitt00285,0262-HCF038-20240919-ROD-CS-thm,0262-HCF038-20240919-ROD-CS-thm_S54,295088,HCF038
pitt00286,0262-HCF038-20241210-DOD-CS,0262-HCF038-20241210-DOD-CS_S58,770,HCF038
pitt00287,0262-HCF038-20241210-ROD-CS,0262-HCF038-20241210-ROD-CS_S58,124114,HCF038
pitt00288,0262-HCF039-20240912-DOD-CS,0262-HCF039-20240912-DOD-CS_S40,121268,HCF039
pitt00289,0262-HCF039-20240912-ROD-CS-thm,0262-HCF039-20240912-ROD-CS-thm_S40,42064,HCF039
pitt00290,0262-HCF039-20240919-DOD-CS,0262-HCF039-20240919-DOD-CS_S55,267904,HCF039
pitt00291,0262-HCF039-20240919-ROD-CS-thm,0262-HCF039-20240919-ROD-CS-thm_S55,301644,HCF039
pitt00292,0262-HCF039-20241210-DOD-CS,0262-HCF039-20241210-DOD-CS_S59,76040,HCF039
pitt00293,0262-HCF039-20241210-ROD-CS,0262-HCF039-20241210-ROD-CS_S59,79070,HCF039
pitt00294,0262-HCF040-20240912-DOD-CS,0262-HCF040-20240912-DOD-CS_S41,357566,HCF040
pitt00295,0262-HCF040-20240912-ROD-CS-thm,0262-HCF040-20240912-ROD-CS-thm_S41,361506,HCF040
pitt00296,0262-HCF040-20240919-DOD-CS,0262-HCF040-20240919-DOD-CS_S56,104430,HCF040
pitt00297,0262-HCF040-20240919-ROD-CS-thm,0262-HCF040-20240919-ROD-CS-thm_S56,62830,HCF040
pitt00298,0262-HCF040-20250114-DOD-CS,0262-HCF040-20250114-DOD-CS_S64,39634,HCF040
pitt00299,0262-HCF040-20250114-ROD-CS,0262-HCF040-20250114-ROD-CS_S64,134814,HCF040
pitt00300,0262-HCF041-20240912-DOD-CS,0262-HCF041-20240912-DOD-CS_S42,108824,HCF041
pitt00301,0262-HCF041-20240912-ROD-CS-thm,0262-HCF041-20240912-ROD-CS-thm_S42,325446,HCF041
pitt00302,0262-HCF041-20240919-DOD-CS,0262-HCF041-20240919-DOD-CS_S57,64174,HCF041
pitt00303,0262-HCF041-20240919-ROD-CS-thm,0262-HCF041-20240919-ROD-CS-thm_S57,211562,HCF041
pitt00304,0262-HCF041-20241211-DOD-CS,0262-HCF041-20241211-DOD-CS_S61,78454,HCF041
pitt00305,0262-HCF041-20241211-ROD-CS,0262-HCF041-20241211-ROD-CS_S61,133580,HCF041
pitt00306,0262-HCF042-20240912-DOD-CS,0262-HCF042-20240912-DOD-CS_S43,327368,HCF042
pitt00307,0262-HCF042-20240919-DOD-CS,0262-HCF042-20240919-DOD-CS_S58,241576,HCF042
pitt00308,0262-HCF042-20240919-ROD-CS-thm,0262-HCF042-20240919-ROD-CS-thm_S58,205086,HCF042
pitt00309,0262-HCF042-20250211-DOD-CS,0262-HCF042-20250211-DOD-CS_S108,38366,HCF042
pitt00310,0262-HCF042-20250211-ROD-CS,0262-HCF042-20250211-ROD-CS_S163,148058,HCF042
pitt00311,0262-HCF043-20240923-DOD-CS,0262-HCF043-20240923-DOD-CS_S59,281644,HCF043
pitt00312,0262-HCF043-20240923-ROD-CS-thm,0262-HCF043-20240923-ROD-CS-thm_S59,1010,HCF043
pitt00313,0262-HCF043-20241001-DOD-CS,0262-HCF043-20241001-DOD-CS_S71,225028,HCF043
pitt00314,0262-HCF043-20241001-ROD-CS-thm,0262-HCF043-20241001-ROD-CS-thm_S71,99110,HCF043
pitt00315,0262-HCF043-20250114-DOD-CS,0262-HCF043-20250114-DOD-CS_S65,21372,HCF043
pitt00316,0262-HCF043-20250114-ROD-CS,0262-HCF043-20250114-ROD-CS_S65,3158,HCF043
pitt00317,0262-HCF044-20240923-DOD-CS,0262-HCF044-20240923-DOD-CS_S60,270036,HCF044
pitt00318,0262-HCF044-20240923-ROD-CS-thm,0262-HCF044-20240923-ROD-CS-thm_S60,21576,HCF044
pitt00319,0262-HCF044-20241015-DOD-CS,0262-HCF044-20241015-DOD-CS_S5,25956,HCF044
pitt00320,0262-HCF044-20241015-ROD-CS,0262-HCF044-20241015-ROD-CS_S5,145818,HCF044
pitt00321,0262-HCF044-20250114-DOD-CS,0262-HCF044-20250114-DOD-CS_S66,46030,HCF044
pitt00322,0262-HCF044-20250114-ROD-CS,0262-HCF044-20250114-ROD-CS_S66,114366,HCF044
pitt00323,0262-HCF045-20240923-DOD-CS,0262-HCF045-20240923-DOD-CS_S61,303424,HCF045
pitt00324,0262-HCF045-20240923-ROD-CS-thm,0262-HCF045-20240923-ROD-CS-thm_S61,10,HCF045
pitt00325,0262-HCF045-20241001-DOD-CS,0262-HCF045-20241001-DOD-CS_S72,336934,HCF045
pitt00326,0262-HCF045-20241001-ROD-CS-thm,0262-HCF045-20241001-ROD-CS-thm_S72,240758,HCF045
pitt00327,0262-HCF045-20250121-DOD-CS,0262-HCF045-20250121-DOD-CS_S73,35092,HCF045
pitt00328,0262-HCF045-20250121-ROD-CS,0262-HCF045-20250121-ROD-CS_S73,101676,HCF045
pitt00329,0262-HCF046-20240923-DOD-CS,0262-HCF046-20240923-DOD-CS_S62,186630,HCF046
pitt00330,0262-HCF046-20241001-DOD-CS,0262-HCF046-20241001-DOD-CS_S73,8876,HCF046
pitt00331,0262-HCF046-20241001-ROD-CS-thm,0262-HCF046-20241001-ROD-CS-thm_S73,30116,HCF046
pitt00332,0262-HCF046-20250114-DOD-CS,0262-HCF046-20250114-DOD-CS_S67,100832,HCF046
pitt00333,0262-HCF046-20250114-ROD-CS,0262-HCF046-20250114-ROD-CS_S67,106762,HCF046
pitt00334,0262-HCF047-20240924-DOD-CS,0262-HCF047-20240924-DOD-CS_S63,73326,HCF047
pitt00335,0262-HCF047-20241001-DOD-CS,0262-HCF047-20241001-DOD-CS_S74,335790,HCF047
pitt00336,0262-HCF047-20241001-ROD-CS-thm,0262-HCF047-20241001-ROD-CS-thm_S74,180790,HCF047
pitt00337,0262-HCF048-20240924-DOD-CS,0262-HCF048-20240924-DOD-CS_S64,210672,HCF048
pitt00338,0262-HCF048-20240924-ROD-CS-thm,0262-HCF048-20240924-ROD-CS-thm_S64,53840,HCF048
pitt00339,0262-HCF048-20241001-DOD-CS,0262-HCF048-20241001-DOD-CS_S75,266218,HCF048
pitt00340,0262-HCF048-20241001-ROD-CS-thm,0262-HCF048-20241001-ROD-CS-thm_S75,48760,HCF048
pitt00341,0262-HCF048-20250121-DOD-CS,0262-HCF048-20250121-DOD-CS_S74,118074,HCF048
pitt00342,0262-HCF048-20250121-ROD-CS,0262-HCF048-20250121-ROD-CS_S74,128164,HCF048
pitt00343,0262-HCF049-20240924-DOD-CS,0262-HCF049-20240924-DOD-CS_S65,238304,HCF049
pitt00344,0262-HCF049-20240924-ROD-CS-thm,0262-HCF049-20240924-ROD-CS-thm_S65,206620,HCF049
pitt00345,0262-HCF049-20241010-DOD-CS,0262-HCF049-20241010-DOD-CS_S76,215920,HCF049
pitt00346,0262-HCF049-20241010-ROD-CS-thm,0262-HCF049-20241010-ROD-CS-thm_S76,268594,HCF049
pitt00347,0262-HCF049-20250128-DOD-CS,0262-HCF049-20250128-DOD-CS_S90,1840830,HCF049
pitt00348,0262-HCF049-20250128-ROD-CS,0262-HCF049-20250128-ROD-CS_S90,73832,HCF049
pitt00349,0262-HCF050-20240924-DOD-CS,0262-HCF050-20240924-DOD-CS_S66,223114,HCF050
pitt00350,0262-HCF050-20240924-ROD-CS-thm,0262-HCF050-20240924-ROD-CS-thm_S66,306116,HCF050
pitt00351,0262-HCF050-20241001-ROD-CS-thm,0262-HCF050-20241001-ROD-CS-thm_S77,247650,HCF050
pitt00352,0262-HCF050-20250114-DOD-CS,0262-HCF050-20250114-DOD-CS_S68,100284,HCF050
pitt00353,0262-HCF050-20250114-ROD-CS,0262-HCF050-20250114-ROD-CS_S68,107392,HCF050
pitt00354,0262-HCF051-20240924-DOD-CS,0262-HCF051-20240924-DOD-CS_S67,242786,HCF051
pitt00355,0262-HCF051-20240924-ROD-CS-thm,0262-HCF051-20240924-ROD-CS-thm_S67,109214,HCF051
pitt00356,0262-HCF051-20241001-DOD-CS,0262-HCF051-20241001-DOD-CS_S78,374818,HCF051
pitt00357,0262-HCF051-20241001-ROD-CS-thm,0262-HCF051-20241001-ROD-CS-thm_S78,177848,HCF051
pitt00358,0262-HCF051-20250211-DOD-CS,0262-HCF051-20250211-DOD-CS_S109,87682,HCF051
pitt00359,0262-HCF051-20250211-ROD-CS,0262-HCF051-20250211-ROD-CS_S164,147194,HCF051
pitt00360,0262-HCF052-20241008-DOD-CS,0262-HCF052-20241008-DOD-CS_S79,316792,HCF052
pitt00361,0262-HCF052-20241008-ROD-CS-thm,0262-HCF052-20241008-ROD-CS-thm_S79,28,HCF052
pitt00362,0262-HCF052-20241015-DOD-CS,0262-HCF052-20241015-DOD-CS_S6,2400,HCF052
pitt00363,0262-HCF052-20250121-DOD-CS,0262-HCF052-20250121-DOD-CS_S75,21146,HCF052
pitt00364,0262-HCF052-20250121-ROD-CS,0262-HCF052-20250121-ROD-CS_S75,100796,HCF052
pitt00365,0262-HCF053-20241008-DOD-CS,0262-HCF053-20241008-DOD-CS_S80,192856,HCF053
pitt00366,0262-HCF053-20241008-ROD-CS-thm,0262-HCF053-20241008-ROD-CS-thm_S80,178108,HCF053
pitt00367,0262-HCF053-20241015-DOD-CS,0262-HCF053-20241015-DOD-CS_S7,2126,HCF053
pitt00368,0262-HCF053-20241015-ROD-CS,0262-HCF053-20241015-ROD-CS_S7,197656,HCF053
pitt00369,0262-HCF053-20250116-DOD-CS,0262-HCF053-20250116-DOD-CS_S69,32946,HCF053
pitt00370,0262-HCF053-20250116-ROD-CS,0262-HCF053-20250116-ROD-CS_S69,100276,HCF053
pitt00371,0262-HCF054-20241008-DOD-CS,0262-HCF054-20241008-DOD-CS_S81,263686,HCF054
pitt00372,0262-HCF054-20241008-ROD-CS-thm,0262-HCF054-20241008-ROD-CS-thm_S81,139488,HCF054
pitt00373,0262-HCF054-20241015-DOD-CS,0262-HCF054-20241015-DOD-CS_S8,4160,HCF054
pitt00374,0262-HCF054-20241015-ROD-CS,0262-HCF054-20241015-ROD-CS_S8,153128,HCF054
pitt00375,0262-HCF054-20250116-DOD-CS,0262-HCF054-20250116-DOD-CS_S70,86666,HCF054
pitt00376,0262-HCF054-20250116-ROD-CS,0262-HCF054-20250116-ROD-CS_S70,85868,HCF054
pitt00377,0262-HCF055-20241010-DOD-CS,0262-HCF055-20241010-DOD-CS_S89,308490,HCF055
pitt00378,0262-HCF055-20241010-ROD-CS-thm,0262-HCF055-20241010-ROD-CS-thm_S89,101782,HCF055
pitt00379,0262-HCF055-20241015-DOD-CS,0262-HCF055-20241015-DOD-CS_S9,109612,HCF055
pitt00380,0262-HCF055-20241015-ROD-CS,0262-HCF055-20241015-ROD-CS_S9,151426,HCF055
pitt00381,0262-HCF055-20250121-DOD-CS,0262-HCF055-20250121-DOD-CS_S76,85692,HCF055
pitt00382,0262-HCF055-20250121-ROD-CS,0262-HCF055-20250121-ROD-CS_S76,110532,HCF055
pitt00383,0262-HCF056-20241010-DOD-CS,0262-HCF056-20241010-DOD-CS_S90,151846,HCF056
pitt00384,0262-HCF056-20241010-ROD-CS-thm,0262-HCF056-20241010-ROD-CS-thm_S90,253912,HCF056
pitt00385,0262-HCF056-20241015-DOD-CS,0262-HCF056-20241015-DOD-CS_S10,27224,HCF056
pitt00386,0262-HCF056-20241015-ROD-CS,0262-HCF056-20241015-ROD-CS_S10,92642,HCF056
pitt00387,0262-HCF056-20250204-DOD-CS,0262-HCF056-20250204-DOD-CS_S101,3448,HCF056
pitt00388,0262-HCF056-20250204-ROD-CS,0262-HCF056-20250204-ROD-CS_S156,190998,HCF056
pitt00389,0262-HCF057-20241022-DOD-CS,0262-HCF057-20241022-DOD-CS_S11,55030,HCF057
pitt00390,0262-HCF057-20241022-ROD-CS,0262-HCF057-20241022-ROD-CS_S11,108882,HCF057
pitt00391,0262-HCF057-20241029-DOD-CS,0262-HCF057-20241029-DOD-CS_S18,22700,HCF057
pitt00392,0262-HCF057-20241029-ROD-CS,0262-HCF057-20241029-ROD-CS_S18,29796,HCF057
pitt00393,0262-HCF057-20250121-DOD-CS,0262-HCF057-20250121-DOD-CS_S77,126908,HCF057
pitt00394,0262-HCF057-20250121-ROD-CS,0262-HCF057-20250121-ROD-CS_S77,96160,HCF057
pitt00395,0262-HCF058-20241022-DOD-CS,0262-HCF058-20241022-DOD-CS_S12,18064,HCF058
pitt00396,0262-HCF058-20241022-ROD-CS,0262-HCF058-20241022-ROD-CS_S12,104946,HCF058
pitt00397,0262-HCF058-20241029-DOD-CS,0262-HCF058-20241029-DOD-CS_S19,41838,HCF058
pitt00398,0262-HCF058-20241029-ROD-CS,0262-HCF058-20241029-ROD-CS_S19,84548,HCF058
pitt00399,0262-HCF058-20250121-DOD-CS,0262-HCF058-20250121-DOD-CS_S78,81984,HCF058
pitt00400,0262-HCF058-20250121-ROD-CS,0262-HCF058-20250121-ROD-CS_S78,70766,HCF058
pitt00401,0262-HCF059-20241022-DOD-CS,0262-HCF059-20241022-DOD-CS_S13,4774,HCF059
pitt00402,0262-HCF059-20241022-ROD-CS,0262-HCF059-20241022-ROD-CS_S13,3870,HCF059
pitt00403,0262-HCF059-20241029-DOD-CS,0262-HCF059-20241029-DOD-CS_S20,742,HCF059
pitt00404,0262-HCF059-20241029-ROD-CS,0262-HCF059-20241029-ROD-CS_S20,985544,HCF059
pitt00405,0262-HCF059-20250121-DOD-CS,0262-HCF059-20250121-DOD-CS_S79,59412,HCF059
pitt00406,0262-HCF059-20250121-ROD-CS,0262-HCF059-20250121-ROD-CS_S79,190648,HCF059
pitt00407,0262-HCF060-20241022-DOD-CS,0262-HCF060-20241022-DOD-CS_S14,22134,HCF060
pitt00408,0262-HCF060-20241022-ROD-CS,0262-HCF060-20241022-ROD-CS_S14,71078,HCF060
pitt00409,0262-HCF060-20241029-DOD-CS,0262-HCF060-20241029-DOD-CS_S21,2892,HCF060
pitt00410,0262-HCF060-20241029-ROD-CS,0262-HCF060-20241029-ROD-CS_S21,37282,HCF060
pitt00411,0262-HCF060-20250211-DOD-CS,0262-HCF060-20250211-DOD-CS_S110,32754,HCF060
pitt00412,0262-HCF060-20250211-ROD-CS,0262-HCF060-20250211-ROD-CS_S165,113986,HCF060
pitt00413,0262-HCF061-20241022-DOD-CS,0262-HCF061-20241022-DOD-CS_S15,104838,HCF061
pitt00414,0262-HCF061-20241022-ROD-CS,0262-HCF061-20241022-ROD-CS_S15,94418,HCF061
pitt00415,0262-HCF061-20241029-DOD-CS,0262-HCF061-20241029-DOD-CS_S22,24454,HCF061
pitt00416,0262-HCF061-20241029-ROD-CS,0262-HCF061-20241029-ROD-CS_S22,86792,HCF061
pitt00417,0262-HCF061-20250121-DOD-CS,0262-HCF061-20250121-DOD-CS_S80,42724,HCF061
pitt00418,0262-HCF061-20250121-ROD-CS,0262-HCF061-20250121-ROD-CS_S80,63982,HCF061
pitt00419,0262-HCF062-20241022-DOD-CS,0262-HCF062-20241022-DOD-CS_S16,48210,HCF062
pitt00420,0262-HCF062-20241022-ROD-CS,0262-HCF062-20241022-ROD-CS_S16,47260,HCF062
pitt00421,0262-HCF062-20241029-DOD-CS,0262-HCF062-20241029-DOD-CS_S23,115904,HCF062
pitt00422,0262-HCF062-20241029-ROD-CS,0262-HCF062-20241029-ROD-CS_S23,74146,HCF062
pitt00423,0262-HCF063-20241022-DOD-CS,0262-HCF063-20241022-DOD-CS_S17,3902,HCF063
pitt00424,0262-HCF063-20241022-ROD-CS,0262-HCF063-20241022-ROD-CS_S17,176280,HCF063
pitt00425,0262-HCF063-20241029-DOD-CS,0262-HCF063-20241029-DOD-CS_S24,1938,HCF063
pitt00426,0262-HCF063-20241029-ROD-CS,0262-HCF063-20241029-ROD-CS_S24,173418,HCF063
pitt00427,0262-HCF063-20250121-DOD-CS,0262-HCF063-20250121-DOD-CS_S81,113422,HCF063
pitt00428,0262-HCF063-20250121-ROD-CS,0262-HCF063-20250121-ROD-CS_S81,122320,HCF063
pitt00429,0262-HCF064-20241119-DOD-CS,0262-HCF064-20241119-DOD-CS_S29,20656,HCF064
pitt00430,0262-HCF064-20241119-ROD-CS,0262-HCF064-20241119-ROD-CS_S29,71248,HCF064
pitt00431,0262-HCF064-20241203-DOD-CS,0262-HCF064-20241203-DOD-CS_S44,13886,HCF064
pitt00432,0262-HCF064-20241203-ROD-CS,0262-HCF064-20241203-ROD-CS_S44,123126,HCF064
pitt00433,0262-HCF064-20250204-DOD-CS,0262-HCF064-20250204-DOD-CS_S102,9730,HCF064
pitt00434,0262-HCF064-20250204-ROD-CS,0262-HCF064-20250204-ROD-CS_S157,82584,HCF064
pitt00435,0262-HCF065-20241203-DOD-CS,0262-HCF065-20241203-DOD-CS_S42,36910,HCF065
pitt00436,0262-HCF065-20241203-ROD-CS,0262-HCF065-20241203-ROD-CS_S42,122382,HCF065
pitt00437,0262-HCF065-20241210-DOD-CS,0262-HCF065-20241210-DOD-CS_S55,66876,HCF065
pitt00438,0262-HCF065-20241210-ROD-CS,0262-HCF065-20241210-ROD-CS_S55,78422,HCF065
pitt00439,0262-HCF065-20250211-DOD-CS,0262-HCF065-20250211-DOD-CS_S111,22956,HCF065
pitt00440,0262-HCF065-20250211-ROD-CS,0262-HCF065-20250211-ROD-CS_S166,104542,HCF065
pitt00441,0262-HCF066-20241119-DOD-CS,0262-HCF066-20241119-DOD-CS_S30,28254,HCF066
pitt00442,0262-HCF066-20241119-ROD-CS,0262-HCF066-20241119-ROD-CS_S30,92388,HCF066
pitt00443,0262-HCF066-20241202-DOD-CS,0262-HCF066-20241202-DOD-CS_S34,105954,HCF066
pitt00444,0262-HCF066-20241202-ROD-CS,0262-HCF066-20241202-ROD-CS_S34,90246,HCF066
pitt00445,0262-HCF066-20250211-DOD-CS,0262-HCF066-20250211-DOD-CS_S112,9950,HCF066
pitt00446,0262-HCF066-20250211-ROD-CS,0262-HCF066-20250211-ROD-CS_S167,110662,HCF066
pitt00447,0262-HCF067-20241203-DOD-CS,0262-HCF067-20241203-DOD-CS_S43,69318,HCF067
pitt00448,0262-HCF067-20241203-ROD-CS,0262-HCF067-20241203-ROD-CS_S43,107026,HCF067
pitt00449,0262-HCF067-20241210-DOD-CS,0262-HCF067-20241210-DOD-CS_S56,33684,HCF067
pitt00450,0262-HCF067-20241210-ROD-CS,0262-HCF067-20241210-ROD-CS_S56,69602,HCF067
pitt00451,0262-HCF067-20250603-DOD-CS,0262-HCF067-20250603-DOD-CS_S50,141370,HCF067
pitt00452,0262-HCF067-20250603-ROD-CS,0262-HCF067-20250603-ROD-CS_S132,206336,HCF067
pitt00453,0262-HCF068-20250121-DOD-CS,0262-HCF068-20250121-DOD-CS_S82,151144,HCF068
pitt00454,0262-HCF068-20250121-ROD-CS,0262-HCF068-20250121-ROD-CS_S82,52748,HCF068
pitt00455,0262-HCF068-20250128-DOD-CS,0262-HCF068-20250128-DOD-CS_S89,122390,HCF068
pitt00456,0262-HCF068-20250128-ROD-CS,0262-HCF068-20250128-ROD-CS_S89,137896,HCF068
pitt00457,0262-HCF068-20250401-DOD-CS,0262-HCF068-20250401-DOD-CS_S9,199118,HCF068
pitt00458,0262-HCF068-20250401-ROD-CS,0262-HCF068-20250401-ROD-CS_S91,190888,HCF068
pitt00459,0262-HCF069-20250128-DOD-CS,0262-HCF069-20250128-DOD-CS_S83,104454,HCF069
pitt00460,0262-HCF069-20250128-ROD-CS,0262-HCF069-20250128-ROD-CS_S83,83374,HCF069
pitt00461,0262-HCF069-20250204-DOD-CS,0262-HCF069-20250204-DOD-CS_S91,66360,HCF069
pitt00462,0262-HCF069-20250204-ROD-CS,0262-HCF069-20250204-ROD-CS_S91,129886,HCF069
pitt00463,0262-HCF069-20250624-DOD-CS,0262-HCF069-20250624-DOD-CS_S57,189514,HCF069
pitt00464,0262-HCF069-20250624-ROD-CS,0262-HCF069-20250624-ROD-CS_S139,210694,HCF069
pitt00465,0262-HCF070-20250128-DOD-CS,0262-HCF070-20250128-DOD-CS_S84,109910,HCF070
pitt00466,0262-HCF070-20250128-ROD-CS,0262-HCF070-20250128-ROD-CS_S84,118240,HCF070
pitt00467,0262-HCF070-20250204-DOD-CS,0262-HCF070-20250204-DOD-CS_S92,73498,HCF070
pitt00468,0262-HCF070-20250204-ROD-CS,0262-HCF070-20250204-ROD-CS_S92,102396,HCF070
pitt00469,0262-HCF072-20250128-DOD-CS,0262-HCF072-20250128-DOD-CS_S85,137002,HCF072
pitt00470,0262-HCF072-20250128-ROD-CS,0262-HCF072-20250128-ROD-CS_S85,81106,HCF072
pitt00471,0262-HCF072-20250204-DOD-CS,0262-HCF072-20250204-DOD-CS_S97,19488,HCF072
pitt00472,0262-HCF072-20250204-ROD-CS,0262-HCF072-20250204-ROD-CS_S152,257788,HCF072
pitt00473,0262-HCF072-20250603-DOD-CS,0262-HCF072-20250603-DOD-CS_S51,143756,HCF072
pitt00474,0262-HCF072-20250603-ROD-CS,0262-HCF072-20250603-ROD-CS_S133,246270,HCF072
pitt00475,0262-HCF073-20250128-DOD-CS,0262-HCF073-20250128-DOD-CS_S86,144954,HCF073
pitt00476,0262-HCF073-20250128-ROD-CS,0262-HCF073-20250128-ROD-CS_S86,155746,HCF073
pitt00477,0262-HCF073-20250204-DOD-CS,0262-HCF073-20250204-DOD-CS_S98,43132,HCF073
pitt00478,0262-HCF073-20250204-ROD-CS,0262-HCF073-20250204-ROD-CS_S153,232466,HCF073
pitt00479,0262-HCF074-20250128-DOD-CS,0262-HCF074-20250128-DOD-CS_S87,106128,HCF074
pitt00480,0262-HCF074-20250128-ROD-CS,0262-HCF074-20250128-ROD-CS_S87,109222,HCF074
pitt00481,0262-HCF074-20250204-DOD-CS,0262-HCF074-20250204-DOD-CS_S99,23998,HCF074
pitt00482,0262-HCF074-20250204-ROD-CS,0262-HCF074-20250204-ROD-CS_S154,205466,HCF074
pitt00483,0262-HCF074-20250603-DOD-CS,0262-HCF074-20250603-DOD-CS_S52,188754,HCF074
pitt00484,0262-HCF074-20250603-ROD-CS,0262-HCF074-20250603-ROD-CS_S134,256446,HCF074
pitt00485,0262-HCF075-20250128-DOD-CS,0262-HCF075-20250128-DOD-CS_S88,131404,HCF075
pitt00486,0262-HCF075-20250128-ROD-CS,0262-HCF075-20250128-ROD-CS_S88,91838,HCF075
pitt00487,0262-HCF075-20250204-DOD-CS,0262-HCF075-20250204-DOD-CS_S100,20428,HCF075
pitt00488,0262-HCF075-20250204-ROD-CS,0262-HCF075-20250204-ROD-CS_S155,184876,HCF075
pitt00489,0262-HCF075-20250603-DOD-CS,0262-HCF075-20250603-DOD-CS_S53,201460,HCF075
pitt00490,0262-HCF075-20250603-ROD-CS,0262-HCF075-20250603-ROD-CS_S135,277018,HCF075
pitt00491,0262-HCF076-20250211-DOD-CS,0262-HCF076-20250211-DOD-CS_S103,16672,HCF076
pitt00492,0262-HCF076-20250211-ROD-CS,0262-HCF076-20250211-ROD-CS_S158,180602,HCF076
pitt00493,0262-HCF076-20250218-DOD-CS,0262-HCF076-20250218-DOD-CS_S113,34862,HCF076
pitt00494,0262-HCF076-20250218-ROD-CS,0262-HCF076-20250218-ROD-CS_S168,122654,HCF076
pitt00495,0262-HCF076-20250701-DOD-CS,0262-HCF076-20250701-DOD-CS_S63,166424,HCF076
pitt00496,0262-HCF076-20250701-ROD-CS,0262-HCF076-20250701-ROD-CS_S145,246558,HCF076
pitt00497,0262-HCF077-20250211-DOD-CS,0262-HCF077-20250211-DOD-CS_S104,2372,HCF077
pitt00498,0262-HCF077-20250211-ROD-CS,0262-HCF077-20250211-ROD-CS_S159,161188,HCF077
pitt00499,0262-HCF077-20250218-DOD-CS,0262-HCF077-20250218-DOD-CS_S114,134320,HCF077
pitt00500,0262-HCF077-20250218-ROD-CS,0262-HCF077-20250218-ROD-CS_S169,165322,HCF077
pitt00501,0262-HCF077-20250603-DOD-CS,0262-HCF077-20250603-DOD-CS_S54,185114,HCF077
pitt00502,0262-HCF077-20250603-ROD-CS,0262-HCF077-20250603-ROD-CS_S136,256814,HCF077
pitt00503,0262-HCF078-20250211-DOD-CS,0262-HCF078-20250211-DOD-CS_S105,1340,HCF078
pitt00504,0262-HCF078-20250211-ROD-CS,0262-HCF078-20250211-ROD-CS_S160,110682,HCF078
pitt00505,0262-HCF078-20250218-DOD-CS,0262-HCF078-20250218-DOD-CS_S115,35470,HCF078
pitt00506,0262-HCF078-20250218-ROD-CS,0262-HCF078-20250218-ROD-CS_S170,157952,HCF078
pitt00507,0262-HCF079-20250211-DOD-CS,0262-HCF079-20250211-DOD-CS_S106,39944,HCF079
pitt00508,0262-HCF079-20250211-ROD-CS,0262-HCF079-20250211-ROD-CS_S161,111536,HCF079
pitt00509,0262-HCF079-20250218-DOD-CS,0262-HCF079-20250218-DOD-CS_S116,138446,HCF079
pitt00510,0262-HCF079-20250218-ROD-CS,0262-HCF079-20250218-ROD-CS_S171,132624,HCF079
pitt00511,0262-HCF079-20250603-DOD-CS,0262-HCF079-20250603-DOD-CS_S55,155660,HCF079
pitt00512,0262-HCF079-20250603-ROD-CS,0262-HCF079-20250603-ROD-CS_S137,199640,HCF079
pitt00513,0262-HCF080-20250211-DOD-CS,0262-HCF080-20250211-DOD-CS_S107,25642,HCF080
pitt00514,0262-HCF080-20250211-ROD-CS,0262-HCF080-20250211-ROD-CS_S162,155544,HCF080
pitt00515,0262-HCF080-20250218-DOD-CS,0262-HCF080-20250218-DOD-CS_S117,43110,HCF080
pitt00516,0262-HCF080-20250218-ROD-CS,0262-HCF080-20250218-ROD-CS_S172,128592,HCF080
pitt00517,0262-HCF080-20250603-DOD-CS,0262-HCF080-20250603-DOD-CS_S56,203278,HCF080
pitt00518,0262-HCF080-20250603-ROD-CS,0262-HCF080-20250603-ROD-CS_S138,184706,HCF080
pitt00519,0262-HCF081-20250225-DOD-CS,0262-HCF081-20250225-DOD-CS_S118,77614,HCF081
pitt00520,0262-HCF081-20250225-ROD-CS,0262-HCF081-20250225-ROD-CS_S173,144202,HCF081
pitt00521,0262-HCF081-20250304-DOD-CS,0262-HCF081-20250304-DOD-CS_S125,92366,HCF081
pitt00522,0262-HCF081-20250304-ROD-CS,0262-HCF081-20250304-ROD-CS_S180,112896,HCF081
pitt00523,0262-HCF081-20250624-DOD-CS,0262-HCF081-20250624-DOD-CS_S58,211858,HCF081
pitt00524,0262-HCF081-20250624-ROD-CS,0262-HCF081-20250624-ROD-CS_S140,324876,HCF081
pitt00525,0262-HCF082-20250225-DOD-CS,0262-HCF082-20250225-DOD-CS_S119,105044,HCF082
pitt00526,0262-HCF082-20250225-ROD-CS,0262-HCF082-20250225-ROD-CS_S174,161166,HCF082
pitt00527,0262-HCF082-20250304-DOD-CS,0262-HCF082-20250304-DOD-CS_S126,64532,HCF082
pitt00528,0262-HCF082-20250304-ROD-CS,0262-HCF082-20250304-ROD-CS_S181,63740,HCF082
pitt00529,0262-HCF083-20250225-DOD-CS,0262-HCF083-20250225-DOD-CS_S120,13256,HCF083
pitt00530,0262-HCF083-20250225-ROD-CS,0262-HCF083-20250225-ROD-CS_S175,96202,HCF083
pitt00531,0262-HCF083-20250304-DOD-CS,0262-HCF083-20250304-DOD-CS_S127,77328,HCF083
pitt00532,0262-HCF083-20250304-ROD-CS,0262-HCF083-20250304-ROD-CS_S182,90454,HCF083
pitt00533,0262-HCF083-20250701-DOD-CS,0262-HCF083-20250701-DOD-CS_S64,159956,HCF083
pitt00534,0262-HCF083-20250701-ROD-CS,0262-HCF083-20250701-ROD-CS_S146,250144,HCF083
pitt00535,0262-HCF084-20250225-DOD-CS,0262-HCF084-20250225-DOD-CS_S121,58766,HCF084
pitt00536,0262-HCF084-20250225-ROD-CS,0262-HCF084-20250225-ROD-CS_S176,90928,HCF084
pitt00537,0262-HCF084-20250304-DOD-CS,0262-HCF084-20250304-DOD-CS_S128,51002,HCF084
pitt00538,0262-HCF084-20250304-ROD-CS,0262-HCF084-20250304-ROD-CS_S183,82376,HCF084
pitt00539,0262-HCF085-20250225-DOD-CS,0262-HCF085-20250225-DOD-CS_S122,341646,HCF085
pitt00540,0262-HCF085-20250225-ROD-CS,0262-HCF085-20250225-ROD-CS_S177,92716,HCF085
pitt00541,0262-HCF085-20250304-DOD-CS,0262-HCF085-20250304-DOD-CS_S129,43422,HCF085
pitt00542,0262-HCF085-20250304-ROD-CS,0262-HCF085-20250304-ROD-CS_S97,11998,HCF085
pitt00543,0262-HCF085-20250624-DOD-CS,0262-HCF085-20250624-DOD-CS_S59,165712,HCF085
pitt00544,0262-HCF085-20250624-ROD-CS,0262-HCF085-20250624-ROD-CS_S141,236450,HCF085
pitt00545,0262-HCF086-20250225-DOD-CS,0262-HCF086-20250225-DOD-CS_S123,38122,HCF086
pitt00546,0262-HCF086-20250225-ROD-CS,0262-HCF086-20250225-ROD-CS_S178,155196,HCF086
pitt00547,0262-HCF086-20250304-DOD-CS,0262-HCF086-20250304-DOD-CS_S130,79338,HCF086
pitt00548,0262-HCF086-20250304-ROD-CS,0262-HCF086-20250304-ROD-CS_S98,23730,HCF086
pitt00549,0262-HCF086-20250624-DOD-CS,0262-HCF086-20250624-DOD-CS_S60,9830,HCF086
pitt00550,0262-HCF086-20250624-ROD-CS,0262-HCF086-20250624-ROD-CS_S142,281472,HCF086
pitt00551,0262-HCF087-20250225-DOD-CS,0262-HCF087-20250225-DOD-CS_S124,79968,HCF087
pitt00552,0262-HCF087-20250225-ROD-CS,0262-HCF087-20250225-ROD-CS_S179,116540,HCF087
pitt00553,0262-HCF087-20250304-DOD-CS,0262-HCF087-20250304-DOD-CS_S131,76868,HCF087
pitt00554,0262-HCF087-20250304-ROD-CS,0262-HCF087-20250304-ROD-CS_S99,7504,HCF087
pitt00555,0262-HCF087-20250624-DOD-CS,0262-HCF087-20250624-DOD-CS_S61,161666,HCF087
pitt00556,0262-HCF087-20250624-ROD-CS,0262-HCF087-20250624-ROD-CS_S143,220236,HCF087
pitt00557,0262-HCF088-20250318-DOD-CS,0262-HCF088-20250318-DOD-CS_S132,55524,HCF088
pitt00558,0262-HCF088-20250318-ROD-CS,0262-HCF088-20250318-ROD-CS_S100,934,HCF088
pitt00559,0262-HCF088-20250401-DOD-CS,0262-HCF088-20250401-DOD-CS_S8,22764,HCF088
pitt00560,0262-HCF088-20250401-ROD-CS,0262-HCF088-20250401-ROD-CS_S90,246728,HCF088
pitt00561,0262-HCF088-20250701-DOD-CS,0262-HCF088-20250701-DOD-CS_S65,222248,HCF088
pitt00562,0262-HCF088-20250701-ROD-CS,0262-HCF088-20250701-ROD-CS_S147,236828,HCF088
pitt00563,0262-HCF089-20250401-DOD-CS,0262-HCF089-20250401-DOD-CS_S1,145760,HCF089
pitt00564,0262-HCF089-20250401-ROD-CS,0262-HCF089-20250401-ROD-CS_S83,144282,HCF089
pitt00565,0262-HCF089-20250408-DOD-CS,0262-HCF089-20250408-DOD-CS_S11,161692,HCF089
pitt00566,0262-HCF089-20250408-ROD-CS,0262-HCF089-20250408-ROD-CS_S93,179450,HCF089
pitt00567,0262-HCF089-20250624-DOD-CS,0262-HCF089-20250624-DOD-CS_S62,86364,HCF089
pitt00568,0262-HCF089-20250624-ROD-CS,0262-HCF089-20250624-ROD-CS_S144,256264,HCF089
pitt00569,0262-HCF090-20250401-DOD-CS,0262-HCF090-20250401-DOD-CS_S2,56770,HCF090
pitt00570,0262-HCF090-20250401-ROD-CS,0262-HCF090-20250401-ROD-CS_S84,229536,HCF090
pitt00571,0262-HCF090-20250408-DOD-CS,0262-HCF090-20250408-DOD-CS_S12,232018,HCF090
pitt00572,0262-HCF090-20250408-ROD-CS,0262-HCF090-20250408-ROD-CS_S94,219742,HCF090
pitt00573,0262-HCF091-20250401-DOD-CS,0262-HCF091-20250401-DOD-CS_S3,80982,HCF091
pitt00574,0262-HCF091-20250401-ROD-CS,0262-HCF091-20250401-ROD-CS_S85,160876,HCF091
pitt00575,0262-HCF091-20250408-DOD-CS,0262-HCF091-20250408-DOD-CS_S13,150958,HCF091
pitt00576,0262-HCF091-20250408-ROD-CS,0262-HCF091-20250408-ROD-CS_S95,224452,HCF091
pitt00577,0262-HCF091-20250701-DOD-CS,0262-HCF091-20250701-DOD-CS_S66,216790,HCF091
pitt00578,0262-HCF091-20250701-ROD-CS,0262-HCF091-20250701-ROD-CS_S148,303794,HCF091
pitt00579,0262-HCF092-20250401-DOD-CS,0262-HCF092-20250401-DOD-CS_S4,54004,HCF092
pitt00580,0262-HCF092-20250401-ROD-CS,0262-HCF092-20250401-ROD-CS_S86,189798,HCF092
pitt00581,0262-HCF092-20250408-DOD-CS,0262-HCF092-20250408-DOD-CS_S14,125586,HCF092
pitt00582,0262-HCF092-20250408-ROD-CS,0262-HCF092-20250408-ROD-CS_S96,184050,HCF092
pitt00583,0262-HCF092-20250701-DOD-CS,0262-HCF092-20250701-DOD-CS_S67,175130,HCF092
pitt00584,0262-HCF092-20250701-ROD-CS,0262-HCF092-20250701-ROD-CS_S149,260426,HCF092
pitt00585,0262-HCF093-20250401-DOD-CS,0262-HCF093-20250401-DOD-CS_S5,138096,HCF093
pitt00586,0262-HCF093-20250401-ROD-CS,0262-HCF093-20250401-ROD-CS_S87,211930,HCF093
pitt00587,0262-HCF093-20250408-DOD-CS,0262-HCF093-20250408-DOD-CS_S15,212776,HCF093
pitt00588,0262-HCF093-20250408-ROD-CS,0262-HCF093-20250408-ROD-CS_S97,229036,HCF093
pitt00589,0262-HCF093-20250701-DOD-CS,0262-HCF093-20250701-DOD-CS_S68,148406,HCF093
pitt00590,0262-HCF093-20250701-ROD-CS,0262-HCF093-20250701-ROD-CS_S150,299980,HCF093
pitt00591,0262-HCF094-20250401-DOD-CS,0262-HCF094-20250401-DOD-CS_S6,29762,HCF094
pitt00592,0262-HCF094-20250401-ROD-CS,0262-HCF094-20250401-ROD-CS_S88,197804,HCF094
pitt00593,0262-HCF094-20250408-DOD-CS,0262-HCF094-20250408-DOD-CS_S16,71354,HCF094
pitt00594,0262-HCF094-20250408-ROD-CS,0262-HCF094-20250408-ROD-CS_S98,242576,HCF094
pitt00595,0262-HCF094-20250701-DOD-CS,0262-HCF094-20250701-DOD-CS_S69,156978,HCF094
pitt00596,0262-HCF094-20250701-ROD-CS,0262-HCF094-20250701-ROD-CS_S151,318516,HCF094
pitt00597,0262-HCF095-20250401-DOD-CS,0262-HCF095-20250401-DOD-CS_S7,95544,HCF095
pitt00598,0262-HCF095-20250401-ROD-CS,0262-HCF095-20250401-ROD-CS_S89,194462,HCF095
pitt00599,0262-HCF095-20250408-DOD-CS,0262-HCF095-20250408-DOD-CS_S17,89930,HCF095
pitt00600,0262-HCF095-20250408-ROD-CS,0262-HCF095-20250408-ROD-CS_S99,187342,HCF095
pitt00601,0262-HCF096-20250408-DOD-CS,0262-HCF096-20250408-DOD-CS_S10,170082,HCF096
pitt00602,0262-HCF096-20250408-ROD-CS,0262-HCF096-20250408-ROD-CS_S92,2163166,HCF096
pitt00603,0262-HCF096-20250415-DOD-CS,0262-HCF096-20250415-DOD-CS_S25,170120,HCF096
pitt00604,0262-HCF096-20250415-ROD-CS,0262-HCF096-20250415-ROD-CS_S107,235774,HCF096
pitt00605,0262-HCF097-20250415-DOD-CS,0262-HCF097-20250415-DOD-CS_S18,111084,HCF097
pitt00606,0262-HCF097-20250415-ROD-CS,0262-HCF097-20250415-ROD-CS_S100,249290,HCF097
pitt00607,0262-HCF097-20250422-DOD-CS,0262-HCF097-20250422-DOD-CS_S26,196438,HCF097
pitt00608,0262-HCF097-20250422-ROD-CS,0262-HCF097-20250422-ROD-CS_S108,228136,HCF097
pitt00609,0262-HCF098-20250415-DOD-CS,0262-HCF098-20250415-DOD-CS_S19,107626,HCF098
pitt00610,0262-HCF098-20250415-ROD-CS,0262-HCF098-20250415-ROD-CS_S101,201290,HCF098
pitt00611,0262-HCF098-20250422-DOD-CS,0262-HCF098-20250422-DOD-CS_S27,42626,HCF098
pitt00612,0262-HCF098-20250422-ROD-CS,0262-HCF098-20250422-ROD-CS_S109,175668,HCF098
pitt00613,0262-HCF099-20250415-DOD-CS,0262-HCF099-20250415-DOD-CS_S20,59028,HCF099
pitt00614,0262-HCF099-20250415-ROD-CS,0262-HCF099-20250415-ROD-CS_S102,143336,HCF099
pitt00615,0262-HCF099-20250422-DOD-CS,0262-HCF099-20250422-DOD-CS_S28,153798,HCF099
pitt00616,0262-HCF099-20250422-ROD-CS,0262-HCF099-20250422-ROD-CS_S110,238304,HCF099
pitt00617,0262-HCF100-20250415-DOD-CS,0262-HCF100-20250415-DOD-CS_S21,29958,HCF100
pitt00618,0262-HCF100-20250415-ROD-CS,0262-HCF100-20250415-ROD-CS_S103,214548,HCF100
pitt00619,0262-HCF100-20250422-DOD-CS,0262-HCF100-20250422-DOD-CS_S29,126680,HCF100
pitt00620,0262-HCF100-20250422-ROD-CS,0262-HCF100-20250422-ROD-CS_S111,179276,HCF100
pitt00621,0262-HCF101-20250415-DOD-CS,0262-HCF101-20250415-DOD-CS_S22,146104,HCF101
pitt00622,0262-HCF101-20250415-ROD-CS,0262-HCF101-20250415-ROD-CS_S104,253764,HCF101
pitt00623,0262-HCF101-20250422-DOD-CS,0262-HCF101-20250422-DOD-CS_S30,8498,HCF101
pitt00624,0262-HCF101-20250422-ROD-CS,0262-HCF101-20250422-ROD-CS_S112,200454,HCF101
pitt00625,0262-HCF102-20250415-DOD-CS,0262-HCF102-20250415-DOD-CS_S23,158728,HCF102
pitt00626,0262-HCF102-20250415-ROD-CS,0262-HCF102-20250415-ROD-CS_S105,236914,HCF102
pitt00627,0262-HCF102-20250422-DOD-CS,0262-HCF102-20250422-DOD-CS_S31,161604,HCF102
pitt00628,0262-HCF102-20250422-ROD-CS,0262-HCF102-20250422-ROD-CS_S113,197052,HCF102
pitt00629,0262-HCF103-20250415-DOD-CS,0262-HCF103-20250415-DOD-CS_S24,207540,HCF103
pitt00630,0262-HCF103-20250415-ROD-CS,0262-HCF103-20250415-ROD-CS_S106,171686,HCF103
pitt00631,0262-HCF103-20250422-DOD-CS,0262-HCF103-20250422-DOD-CS_S32,66,HCF103
pitt00632,0262-HCF103-20250422-ROD-CS,0262-HCF103-20250422-ROD-CS_S114,188724,HCF103
pitt00633,0262-HCP001-20240828-DOD-CS,0262-HCP001-20240828-DOD-CS_S4,252122,HCP001
pitt00634,0262-HCP001-20240828-ROD-CS-thm,0262-HCP001-20240828-ROD-CS-thm_S4,308386,HCP001
pitt00635,0262-HCP001-20240905-DOD-CS,0262-HCP001-20240905-DOD-CS_S6,93662,HCP001
pitt00636,0262-HCP001-20240905-ROD-CS-thm,0262-HCP001-20240905-ROD-CS-thm_S6,250090,HCP001
pitt00637,0262-HCP001-20241218-DOD-CS,0262-HCP001-20241218-DOD-CS_S143,79876,HCP001
pitt00638,0262-HCP001-20241218-ROD-CS,0262-HCP001-20241218-ROD-CS_S111,8550,HCP001
pitt00639,0262-HCP002-20240828-DOD-CS,0262-HCP002-20240828-DOD-CS_S5,245664,HCP002
pitt00640,0262-HCP002-20240828-ROD-CS-thm,0262-HCP002-20240828-ROD-CS-thm_S5,301914,HCP002
pitt00641,0262-HCP002-20240905-DOD-CS,0262-HCP002-20240905-DOD-CS_S7,238112,HCP002
pitt00642,0262-HCP002-20240905-ROD-CS-thm,0262-HCP002-20240905-ROD-CS-thm_S7,429220,HCP002
pitt00643,0262-HCP002-20241218-DOD-CS,0262-HCP002-20241218-DOD-CS_S144,94860,HCP002
pitt00644,0262-HCP002-20241218-ROD-CS,0262-HCP002-20241218-ROD-CS_S112,158404,HCP002
pitt00645,0262-HCP003-20240911-DOD-CS,0262-HCP003-20240911-DOD-CS_S18,298542,HCP003
pitt00646,0262-HCP003-20240911-ROD-CS-thm,0262-HCP003-20240911-ROD-CS-thm_S18,281882,HCP003
pitt00647,0262-HCP003-20240918-DOD-CS,0262-HCP003-20240918-DOD-CS_S22,468,HCP003
pitt00648,0262-HCP003-20240918-ROD-CS-thm,0262-HCP003-20240918-ROD-CS-thm_S22,338376,HCP003
pitt00649,0262-HCP003-20250313-DOD-CS,0262-HCP003-20250313-DOD-CS_S167,145342,HCP003
pitt00650,0262-HCP003-20250313-ROD-CS,0262-HCP003-20250313-ROD-CS_S135,109920,HCP003
pitt00651,0262-HCP004-20240911-DOD-CS,0262-HCP004-20240911-DOD-CS_S19,78962,HCP004
pitt00652,0262-HCP004-20240911-ROD-CS-thm,0262-HCP004-20240911-ROD-CS-thm_S19,221222,HCP004
pitt00653,0262-HCP004-20240918-DOD-CS,0262-HCP004-20240918-DOD-CS_S23,335800,HCP004
pitt00654,0262-HCP004-20240918-ROD-CS-thm,0262-HCP004-20240918-ROD-CS-thm_S23,258492,HCP004
pitt00655,0262-HCP004-20250305-DOD-CS,0262-HCP004-20250305-DOD-CS_S164,107184,HCP004
pitt00656,0262-HCP004-20250305-ROD-CS,0262-HCP004-20250305-ROD-CS_S132,97220,HCP004
pitt00657,0262-HCP005-20240911-DOD-CS,0262-HCP005-20240911-DOD-CS_S20,16,HCP005
pitt00658,0262-HCP005-20240911-ROD-CS-thm,0262-HCP005-20240911-ROD-CS-thm_S20,258130,HCP005
pitt00659,0262-HCP005-20240918-DOD-CS,0262-HCP005-20240918-DOD-CS_S24,197612,HCP005
pitt00660,0262-HCP005-20240918-ROD-CS-thm,0262-HCP005-20240918-ROD-CS-thm_S24,201898,HCP005
pitt00661,0262-HCP005-20250317-DOD-CS,0262-HCP005-20250317-DOD-CS_S168,131108,HCP005
pitt00662,0262-HCP005-20250317-ROD-CS,0262-HCP005-20250317-ROD-CS_S136,155058,HCP005
pitt00663,0262-HCP006-20240911-DOD-CS,0262-HCP006-20240911-DOD-CS_S21,218620,HCP006
pitt00664,0262-HCP006-20240911-ROD-CS-thm,0262-HCP006-20240911-ROD-CS-thm_S21,131216,HCP006
pitt00665,0262-HCP006-20240920-DOD-CS,0262-HCP006-20240920-DOD-CS_S25,53528,HCP006
pitt00666,0262-HCP006-20240920-ROD-CS-thm,0262-HCP006-20240920-ROD-CS-thm_S25,235792,HCP006
pitt00667,0262-HCP006-20250305-DOD-CS,0262-HCP006-20250305-DOD-CS_S165,124524,HCP006
pitt00668,0262-HCP006-20250305-ROD-CS,0262-HCP006-20250305-ROD-CS_S133,67518,HCP006
pitt00669,0262-HCP007-20241002-DOD-CS,0262-HCP007-20241002-DOD-CS_S26,162540,HCP007
pitt00670,0262-HCP007-20241002-ROD-CS-thm,0262-HCP007-20241002-ROD-CS-thm_S26,406370,HCP007
pitt00671,0262-HCP007-20241009-DOD-CS,0262-HCP007-20241009-DOD-CS_S82,76874,HCP007
pitt00672,0262-HCP007-20241009-ROD-CS-thm,0262-HCP007-20241009-ROD-CS-thm_S82,395596,HCP007
pitt00673,0262-HCP007-20250128-DOD-CS,0262-HCP007-20250128-DOD-CS_S155,118492,HCP007
pitt00674,0262-HCP007-20250128-ROD-CS,0262-HCP007-20250128-ROD-CS_S123,91898,HCP007
pitt00675,0262-HCP008-20241002-DOD-CS,0262-HCP008-20241002-DOD-CS_S27,216510,HCP008
pitt00676,0262-HCP008-20241002-ROD-CS-thm,0262-HCP008-20241002-ROD-CS-thm_S27,438910,HCP008
pitt00677,0262-HCP008-20241009-DOD-CS,0262-HCP008-20241009-DOD-CS_S83,251390,HCP008
pitt00678,0262-HCP008-20241009-ROD-CS-thm,0262-HCP008-20241009-ROD-CS-thm_S83,119042,HCP008
pitt00679,0262-HCP008-20250128-DOD-CS,0262-HCP008-20250128-DOD-CS_S156,115186,HCP008
pitt00680,0262-HCP008-20250128-ROD-CS,0262-HCP008-20250128-ROD-CS_S124,76782,HCP008
pitt00681,0262-HCP009-20241002-DOD-CS,0262-HCP009-20241002-DOD-CS_S28,270010,HCP009
pitt00682,0262-HCP009-20241002-ROD-CS-thm,0262-HCP009-20241002-ROD-CS-thm_S28,563042,HCP009
pitt00683,0262-HCP009-20241024-DOD-CS,0262-HCP009-20241024-DOD-CS_S137,113548,HCP009
pitt00684,0262-HCP009-20241024-ROD-CS,0262-HCP009-20241024-ROD-CS_S105,27204,HCP009
pitt00685,0262-HCP009-20250204-DOD-CS,0262-HCP009-20250204-DOD-CS_S161,121878,HCP009
pitt00686,0262-HCP009-20250204-ROD-CS,0262-HCP009-20250204-ROD-CS_S129,86898,HCP009
pitt00687,0262-HCP010-20241002-DOD-CS,0262-HCP010-20241002-DOD-CS_S29,91144,HCP010
pitt00688,0262-HCP010-20241002-ROD-CS-thm,0262-HCP010-20241002-ROD-CS-thm_S29,208200,HCP010
pitt00689,0262-HCP010-20241009-DOD-CS,0262-HCP010-20241009-DOD-CS_S84,59724,HCP010
pitt00690,0262-HCP010-20241009-ROD-CS-thm,0262-HCP010-20241009-ROD-CS-thm_S84,291180,HCP010
pitt00691,0262-HCP010-20250128-DOD-CS,0262-HCP010-20250128-DOD-CS_S157,160790,HCP010
pitt00692,0262-HCP010-20250128-ROD-CS,0262-HCP010-20250128-ROD-CS_S125,27056,HCP010
pitt00693,0262-HCP012-20241002-DOD-CS,0262-HCP012-20241002-DOD-CS_S31,26904,HCP012
pitt00694,0262-HCP012-20241002-ROD-CS-thm,0262-HCP012-20241002-ROD-CS-thm_S31,592972,HCP012
pitt00695,0262-HCP012-20241009-ROD-CS-thm,0262-HCP012-20241009-ROD-CS-thm_S85,431798,HCP012
pitt00696,0262-HCP012-20250204-DOD-CS,0262-HCP012-20250204-DOD-CS_S162,117914,HCP012
pitt00697,0262-HCP012-20250204-ROD-CS,0262-HCP012-20250204-ROD-CS_S130,87912,HCP012
pitt00698,0262-HCP014-20241009-DOD-CS,0262-HCP014-20241009-DOD-CS_S87,306236,HCP014
pitt00699,0262-HCP014-20241009-ROD-CS-thm,0262-HCP014-20241009-ROD-CS-thm_S87,164576,HCP014
pitt00700,0262-HCP014-20241016-DOD-CS,0262-HCP014-20241016-DOD-CS_S133,130816,HCP014
pitt00701,0262-HCP014-20241016-ROD-CS,0262-HCP014-20241016-ROD-CS_S101,14,HCP014
pitt00702,0262-HCP014-20250409-DOD-CS,0262-HCP014-20250409-DOD-CS_S38,125702,HCP014
pitt00703,0262-HCP014-20250409-ROD-CS,0262-HCP014-20250409-ROD-CS_S120,310406,HCP014
pitt00704,0262-HCP015-20241009-DOD-CS,0262-HCP015-20241009-DOD-CS_S88,188824,HCP015
pitt00705,0262-HCP015-20241009-ROD-CS-thm,0262-HCP015-20241009-ROD-CS-thm_S88,248024,HCP015
pitt00706,0262-HCP015-20241016-DOD-CS,0262-HCP015-20241016-DOD-CS_S134,166886,HCP015
pitt00707,0262-HCP015-20241016-ROD-CS,0262-HCP015-20241016-ROD-CS_S102,14332,HCP015
pitt00708,0262-HCP015-20250408-ROD-CS,0262-HCP015-20250408-ROD-CS_S119,278230,HCP015
pitt00709,0262-HCP016-20241024-DOD-CS,0262-HCP016-20241024-DOD-CS_S136,29294,HCP016
pitt00710,0262-HCP016-20241024-ROD-CS,0262-HCP016-20241024-ROD-CS_S104,14,HCP016
pitt00711,0262-HCP016-20241031-DOD-CS,0262-HCP016-20241031-DOD-CS_S141,76810,HCP016
pitt00712,0262-HCP016-20241031-ROD-CS,0262-HCP016-20241031-ROD-CS_S109,4548,HCP016
pitt00713,0262-HCP016-20250421-ROD-CS,0262-HCP016-20250421-ROD-CS_S121,253186,HCP016
pitt00714,0262-HCP022-20241031-DOD-CS,0262-HCP022-20241031-DOD-CS_S140,153654,HCP022
pitt00715,0262-HCP022-20241031-ROD-CS,0262-HCP022-20241031-ROD-CS_S108,16,HCP022
pitt00716,0262-HCP022-20241121-DOD-CS,0262-HCP022-20241121-DOD-CS_S142,82120,HCP022
pitt00717,0262-HCP022-20241121-ROD-CS,0262-HCP022-20241121-ROD-CS_S110,8144,HCP022
pitt00718,0262-HCP022-20250128-DOD-CS,0262-HCP022-20250128-DOD-CS_S158,104396,HCP022
pitt00719,0262-HCP022-20250128-ROD-CS,0262-HCP022-20250128-ROD-CS_S126,11154,HCP022
pitt00720,0262-HCP023-20250109-DOD-CS,0262-HCP023-20250109-DOD-CS_S145,61600,HCP023
pitt00721,0262-HCP023-20250109-ROD-CS,0262-HCP023-20250109-ROD-CS_S113,109142,HCP023
pitt00722,0262-HCP023-20250116-DOD-CS,0262-HCP023-20250116-DOD-CS_S149,58706,HCP023
pitt00723,0262-HCP023-20250317-DOD-CS,0262-HCP023-20250317-DOD-CS_S169,147166,HCP023
pitt00724,0262-HCP023-20250317-ROD-CS,0262-HCP023-20250317-ROD-CS_S137,88616,HCP023
pitt00725,0262-HCP024-20250109-DOD-CS,0262-HCP024-20250109-DOD-CS_S146,111764,HCP024
pitt00726,0262-HCP024-20250109-ROD-CS,0262-HCP024-20250109-ROD-CS_S114,116112,HCP024
pitt00727,0262-HCP024-20250121-DOD-CS,0262-HCP024-20250121-DOD-CS_S151,115990,HCP024
pitt00728,0262-HCP024-20250121-ROD-CS,0262-HCP024-20250121-ROD-CS_S119,144870,HCP024
pitt00729,0262-HCP024-20250407-ROD-CS,0262-HCP024-20250407-ROD-CS_S117,171896,HCP024
pitt00730,0262-HCP025-20250109-DOD-CS,0262-HCP025-20250109-DOD-CS_S147,96468,HCP025
pitt00731,0262-HCP025-20250109-ROD-CS,0262-HCP025-20250109-ROD-CS_S115,135616,HCP025
pitt00732,0262-HCP025-20250116-DOD-CS,0262-HCP025-20250116-DOD-CS_S150,142838,HCP025
pitt00733,0262-HCP025-20250116-ROD-CS,0262-HCP025-20250116-ROD-CS_S118,81932,HCP025
pitt00734,0262-HCP025-20250407-DOD-CS,0262-HCP025-20250407-DOD-CS_S36,4230,HCP025
pitt00735,0262-HCP025-20250407-ROD-CS,0262-HCP025-20250407-ROD-CS_S118,286200,HCP025
pitt00736,0262-HCP026-20250116-DOD-CS,0262-HCP026-20250116-DOD-CS_S148,1468,HCP026
pitt00737,0262-HCP026-20250116-ROD-CS,0262-HCP026-20250116-ROD-CS_S116,116376,HCP026
pitt00738,0262-HCP026-20250121-DOD-CS,0262-HCP026-20250121-DOD-CS_S152,52290,HCP026
pitt00739,0262-HCP026-20250121-ROD-CS,0262-HCP026-20250121-ROD-CS_S120,81028,HCP026
pitt00740,0262-HCP026-20250501-DOD-CS,0262-HCP026-20250501-DOD-CS_S43,121160,HCP026
pitt00741,0262-HCP026-20250501-ROD-CS,0262-HCP026-20250501-ROD-CS_S125,192320,HCP026
pitt00742,0262-HCP027-20250123-DOD-CS,0262-HCP027-20250123-DOD-CS_S153,64458,HCP027
pitt00743,0262-HCP027-20250123-ROD-CS,0262-HCP027-20250123-ROD-CS_S121,87634,HCP027
pitt00744,0262-HCP027-20250204-DOD-CS,0262-HCP027-20250204-DOD-CS_S159,147700,HCP027
pitt00745,0262-HCP027-20250204-ROD-CS,0262-HCP027-20250204-ROD-CS_S127,124268,HCP027
pitt00746,0262-HCP027-20250421-DOD-CS,0262-HCP027-20250421-DOD-CS_S40,69728,HCP027
pitt00747,0262-HCP027-20250421-ROD-CS,0262-HCP027-20250421-ROD-CS_S122,219866,HCP027
pitt00748,0262-HCP028-20250123-DOD-CS,0262-HCP028-20250123-DOD-CS_S154,125280,HCP028
pitt00749,0262-HCP028-20250123-ROD-CS,0262-HCP028-20250123-ROD-CS_S122,85792,HCP028
pitt00750,0262-HCP028-20250204-DOD-CS,0262-HCP028-20250204-DOD-CS_S160,137952,HCP028
pitt00751,0262-HCP028-20250204-ROD-CS,0262-HCP028-20250204-ROD-CS_S128,998,HCP028
pitt00752,0262-HCP028-20250421-DOD-CS,0262-HCP028-20250421-DOD-CS_S41,178926,HCP028
pitt00753,0262-HCP028-20250421-ROD-CS,0262-HCP028-20250421-ROD-CS_S123,234018,HCP028
pitt00754,0262-HCP029-20250305-DOD-CS,0262-HCP029-20250305-DOD-CS_S163,153786,HCP029
pitt00755,0262-HCP029-20250305-ROD-CS,0262-HCP029-20250305-ROD-CS_S131,87322,HCP029
pitt00756,0262-HCP029-20250313-DOD-CS,0262-HCP029-20250313-DOD-CS_S166,139520,HCP029
pitt00757,0262-HCP029-20250313-ROD-CS,0262-HCP029-20250313-ROD-CS_S134,50048,HCP029
pitt00758,0262-HCP029-20250617-DOD-CS,0262-HCP029-20250617-DOD-CS_S71,223688,HCP029
pitt00759,0262-HCP029-20250617-ROD-CS,0262-HCP029-20250617-ROD-CS_S153,248422,HCP029
pitt00760,0262-HCP030-20250327-DOD-CS,0262-HCP030-20250327-DOD-CS_S33,117472,HCP030
pitt00761,0262-HCP030-20250327-ROD-CS,0262-HCP030-20250327-ROD-CS_S115,222948,HCP030
pitt00762,0262-HCP030-20250407-DOD-CS,0262-HCP030-20250407-DOD-CS_S34,149042,HCP030
pitt00763,0262-HCP030-20250407-ROD-CS,0262-HCP030-20250407-ROD-CS_S116,228882,HCP030
pitt00764,0262-HCP030-20250617-DOD-CS,0262-HCP030-20250617-DOD-CS_S72,192234,HCP030
pitt00765,0262-HCP030-20250617-ROD-CS,0262-HCP030-20250617-ROD-CS_S154,271554,HCP030
pitt00766,0262-HCP031-20250429-DOD-CS,0262-HCP031-20250429-DOD-CS_S42,135112,HCP031
pitt00767,0262-HCP031-20250429-ROD-CS,0262-HCP031-20250429-ROD-CS_S124,268064,HCP031
pitt00768,0262-HCP031-20250519-ROD-CS,0262-HCP031-20250519-ROD-CS_S129,185722,HCP031
pitt00769,0262-HCP031-20250716-DOD-CS,0262-HCP031-20250716-DOD-CS_S75,68022,HCP031
pitt00770,0262-HCP031-20250716-ROD-CS,0262-HCP031-20250716-ROD-CS_S157,284356,HCP031
pitt00771,0262-HCP032-20250515-DOD-CS,0262-HCP032-20250515-DOD-CS_S44,328800,HCP032
pitt00772,0262-HCP032-20250515-ROD-CS,0262-HCP032-20250515-ROD-CS_S126,229864,HCP032
pitt00773,0262-HCP032-20250520-DOD-CS,0262-HCP032-20250520-DOD-CS_S48,155206,HCP032
pitt00774,0262-HCP032-20250520-ROD-CS,0262-HCP032-20250520-ROD-CS_S130,209544,HCP032
pitt00775,0262-HCP033-20250515-DOD-CS,0262-HCP033-20250515-DOD-CS_S45,118042,HCP033
pitt00776,0262-HCP033-20250515-ROD-CS,0262-HCP033-20250515-ROD-CS_S127,232862,HCP033
pitt00777,0262-HCP033-20250520-DOD-CS,0262-HCP033-20250520-DOD-CS_S49,171696,HCP033
pitt00778,0262-HCP033-20250520-ROD-CS,0262-HCP033-20250520-ROD-CS_S131,198940,HCP033
pitt00779,0262-HCP034-20250515-DOD-CS,0262-HCP034-20250515-DOD-CS_S46,217616,HCP034
pitt00780,0262-HCP034-20250515-ROD-CS,0262-HCP034-20250515-ROD-CS_S128,204114,HCP034
pitt00781,0262-HCP034-20250527-DOD-CS,0262-HCP034-20250527-DOD-CS_S70,169382,HCP034
pitt00782,0262-HCP034-20250527-ROD-CS,0262-HCP034-20250527-ROD-CS_S152,196824,HCP034
pitt00783,0262-HCP034-20250716-DOD-CS,0262-HCP034-20250716-DOD-CS_S76,152956,HCP034
pitt00784,0262-HCP034-20250716-ROD-CS,0262-HCP034-20250716-ROD-CS_S158,264076,HCP034
pitt00785,0262-HCP035-20250710-DOD-CS,0262-HCP035-20250710-DOD-CS_S73,228362,HCP035
pitt00786,0262-HCP035-20250710-ROD-CS,0262-HCP035-20250710-ROD-CS_S155,330278,HCP035
pitt00787,0262-HCP035-20250716-DOD-CS,0262-HCP035-20250716-DOD-CS_S74,282334,HCP035
pitt00788,0262-HCP035-20250716-ROD-CS,0262-HCP035-20250716-ROD-CS_S156,274348,HCP035
pitt00789,0262-HCP036-20250716-DOD-CS,0262-HCP036-20250716-DOD-CS_S77,212536,HCP036
pitt00790,0262-HCP036-20250716-ROD-CS,0262-HCP036-20250716-ROD-CS_S159,250218,HCP036
pitt00791,0262-HCP036-20250722-DOD-CS,0262-HCP036-20250722-DOD-CS_S78,198836,HCP036
pitt00792,0262-HCP036-20250722-ROD-CS,0262-HCP036-20250722-ROD-CS_S160,238832,HCP036
