individual_id,race,age,ethnicity,sex,uses_contact_lenses,has_pets,uses_antibiotics
U24_1,Other,33,Not Hispanic,Female,does_not_use_contact_lenses,does_not_have_pets,uses_antibiotics
U24_2,Asian,35,Not Hispanic,Female,does_not_use_contact_lenses,does_not_have_pets,does_not_use_antibiotics
U24_3,Caucasian,32,Not Hispanic,Female,does_not_use_contact_lenses,has_pets,does_not_use_antibiotics
U24_4,Caucasian,22,Not Hispanic,Female,does_not_use_contact_lenses,does_not_have_pets,does_not_use_antibiotics
U24_5,Caucasian,23,Hispanic,Female,does_not_use_contact_lenses,has_pets,does_not_use_antibiotics
U24_6,Caucasian,59,Not Hispanic,Female,does_not_use_contact_lenses,has_pets,uses_antibiotics
U24_7,Caucasian,38,Not Hispanic,Female,uses_contact_lenses,has_pets,does_not_use_antibiotics
U24_8,Caucasian,33,Not Hispanic,Female,does_not_use_contact_lenses,does_not_have_pets,does_not_use_antibiotics
U24_9,Caucasian,33,Not Hispanic,Female,does_not_use_contact_lenses,has_pets,does_not_use_antibiotics
U24_11,Caucasian,39,Not Hispanic,Male,does_not_use_contact_lenses,has_pets,does_not_use_antibiotics
U24_12,Caucasian,27,Not Hispanic,Male,does_not_use_contact_lenses,does_not_have_pets,does_not_use_antibiotics
U24_13,Caucasian,29,Not Hispanic,Female,does_not_use_contact_lenses,has_pets,does_not_use_antibiotics
U24_15,Caucasian,24,Not Hispanic,Female,uses_contact_lenses,does_not_have_pets,does_not_use_antibiotics
U24_17,Asian,31,Not Hispanic,Female,does_not_use_contact_lenses,does_not_have_pets,does_not_use_antibiotics
U24_19,Caucasian,29,Not Hispanic,Female,does_not_use_contact_lenses,has_pets,does_not_use_antibiotics
U24_20,Asian,24,Not Hispanic,Male,does_not_use_contact_lenses,does_not_have_pets,does_not_use_antibiotics
U24_21,Caucasian,58,Not Hispanic,Female,uses_contact_lenses,does_not_have_pets,does_not_use_antibiotics
U24_22,Caucasian,32,Not Hispanic,Female,does_not_use_contact_lenses,has_pets,does_not_use_antibiotics
U24_23,Caucasian,32,Not Hispanic,Female,uses_contact_lenses,has_pets,does_not_use_antibiotics
U24_24,Caucasian,44,Not Hispanic,Male,does_not_use_contact_lenses,does_not_have_pets,does_not_use_antibiotics
U24_25,Caucasian,50,Not Hispanic,Female,does_not_use_contact_lenses,has_pets,does_not_use_antibiotics
U24_27,Caucasian,37,Not Hispanic,Female,does_not_use_contact_lenses,has_pets,does_not_use_antibiotics
U24_28,Caucasian,36,Not Hispanic,Male,does_not_use_contact_lenses,does_not_have_pets,does_not_use_antibiotics
U24_29,Caucasian,35,Not Hispanic,Female,does_not_use_contact_lenses,has_pets,does_not_use_antibiotics
U24_30,Caucasian,25,Not Hispanic,Female,does_not_use_contact_lenses,has_pets,does_not_use_antibiotics
U24_31,Asian,28,Not Hispanic,Female,uses_contact_lenses,does_not_have_pets,does_not_use_antibiotics
U24_32,Caucasian,27,Not Hispanic,Female,does_not_use_contact_lenses,does_not_have_pets,does_not_use_antibiotics
U24_38,Caucasian,24,Not Hispanic,Female,uses_contact_lenses,does_not_have_pets,does_not_use_antibiotics
U24_40,Caucasian,77,Not Hispanic,Male,does_not_use_contact_lenses,does_not_have_pets,does_not_use_antibiotics
U24_41,Caucasian,54,Not Hispanic,Male,does_not_use_contact_lenses,does_not_have_pets,does_not_use_antibiotics
U24_42,Caucasian,26,Hispanic,Female,uses_contact_lenses,has_pets,does_not_use_antibiotics
U24_43,Caucasian,28,Not Hispanic,Female,does_not_use_contact_lenses,has_pets,does_not_use_antibiotics
U24_44,Caucasian,27,Not Hispanic,Male,does_not_use_contact_lenses,does_not_have_pets,does_not_use_antibiotics
U24_46,Caucasian,50,Not Hispanic,Female,does_not_use_contact_lenses,has_pets,does_not_use_antibiotics
U24_48,Caucasian,23,Not Hispanic,Female,does_not_use_contact_lenses,does_not_have_pets,does_not_use_antibiotics
U24_49,Caucasian,25,Not Hispanic,Female,does_not_use_contact_lenses,has_pets,does_not_use_antibiotics
U24_50,Caucasian,53,Hispanic,Male,does_not_use_contact_lenses,does_not_have_pets,does_not_use_antibiotics
U24_51,Caucasian,39,Not Hispanic,Female,uses_contact_lenses,does_not_have_pets,does_not_use_antibiotics
U24_52,Caucasian,54,Not Hispanic,Female,does_not_use_contact_lenses,does_not_have_pets,does_not_use_antibiotics
U24_53,Caucasian,53,Unknown/Not Reported,Female,does_not_use_contact_lenses,does_not_have_pets,does_not_use_antibiotics
U24_54,Caucasian,28,Hispanic,Male,does_not_use_contact_lenses,does_not_have_pets,does_not_use_antibiotics
U24_55,Caucasian,50,Not Hispanic,Female,does_not_use_contact_lenses,does_not_have_pets,does_not_use_antibiotics
U24_56,Caucasian,31,Not Hispanic,Female,does_not_use_contact_lenses,does_not_have_pets,does_not_use_antibiotics
U24_57,Caucasian,29,Not Hispanic,Female,does_not_use_contact_lenses,does_not_have_pets,does_not_use_antibiotics
U24_59,Caucasian,27,Hispanic,Female,does_not_use_contact_lenses,has_pets,does_not_use_antibiotics
U24_62,African American,50,Not Hispanic,Female,does_not_use_contact_lenses,does_not_have_pets,does_not_use_antibiotics
U24_63,Caucasian,46,Not Hispanic,Female,does_not_use_contact_lenses,does_not_have_pets,does_not_use_antibiotics
U24_65,Caucasian,54,Not Hispanic,Female,does_not_use_contact_lenses,has_pets,does_not_use_antibiotics
U24_66,Caucasian,22,Not Hispanic,Male,does_not_use_contact_lenses,does_not_have_pets,does_not_use_antibiotics
U24_67,Caucasian,61,Not Hispanic,Female,does_not_use_contact_lenses,does_not_have_pets,does_not_use_antibiotics
U24_68,Caucasian,42,Not Hispanic,Female,does_not_use_contact_lenses,does_not_have_pets,does_not_use_antibiotics
U24_69,Caucasian,35,Not Hispanic,Female,does_not_use_contact_lenses,does_not_have_pets,does_not_use_antibiotics
U24_70,Caucasian,38,Not Hispanic,Female,does_not_use_contact_lenses,has_pets,does_not_use_antibiotics
U24_71,Caucasian,39,Not Hispanic,Female,uses_contact_lenses,does_not_have_pets,does_not_use_antibiotics
U24_72,Caucasian,39,Not Hispanic,Female,does_not_use_contact_lenses,has_pets,does_not_use_antibiotics
U24_73,Caucasian,28,Not Hispanic,Female,does_not_use_contact_lenses,does_not_have_pets,does_not_use_antibiotics
U24_74,African American,40,Not Hispanic,Female,does_not_use_contact_lenses,does_not_have_pets,does_not_use_antibiotics
U24_75,African American,47,Not Hispanic,Female,uses_contact_lenses,does_not_have_pets,does_not_use_antibiotics
U24_76,Other,47,Hispanic,Female,uses_contact_lenses,has_pets,does_not_use_antibiotics
U24_77,Other,39,Hispanic,Female,does_not_use_contact_lenses,has_pets,does_not_use_antibiotics
U24_78,Caucasian,38,Not Hispanic,Female,uses_contact_lenses,has_pets,does_not_use_antibiotics
U24_79,African American,33,Not Hispanic,Female,uses_contact_lenses,has_pets,does_not_use_antibiotics
U24_80,Caucasian,26,Not Hispanic,Female,does_not_use_contact_lenses,has_pets,does_not_use_antibiotics
U24_81,Caucasian,52,Not Hispanic,Female,does_not_use_contact_lenses,has_pets,does_not_use_antibiotics
U24_82,Other,0,Hispanic,Female,does_not_use_contact_lenses,does_not_have_pets,does_not_use_antibiotics
U24_83,African American,25,Unknown/Not Reported,Male,does_not_use_contact_lenses,does_not_have_pets,does_not_use_antibiotics
U24_84,Caucasian,28,Not Hispanic,Female,does_not_use_contact_lenses,has_pets,does_not_use_antibiotics
U24_85,Asian,22,Not Hispanic,Female,does_not_use_contact_lenses,has_pets,does_not_use_antibiotics
U24_86,African American,43,Not Hispanic,Female,does_not_use_contact_lenses,has_pets,does_not_use_antibiotics
U24_87,Caucasian,33,Not Hispanic,Female,does_not_use_contact_lenses,has_pets,does_not_use_antibiotics
U24_88,African American,23,Not Hispanic,Female,does_not_use_contact_lenses,has_pets,does_not_use_antibiotics
U24_89,Caucasian,61,Not Hispanic,Female,does_not_use_contact_lenses,has_pets,does_not_use_antibiotics
U24_90,Asian,52,Not Hispanic,Male,uses_contact_lenses,does_not_have_pets,does_not_use_antibiotics
U24_91,Caucasian,66,Not Hispanic,Male,does_not_use_contact_lenses,does_not_have_pets,does_not_use_antibiotics
U24_92,Caucasian,40,Not Hispanic,Female,uses_contact_lenses,does_not_have_pets,does_not_use_antibiotics
U24_93,Caucasian,42,Not Hispanic,Male,does_not_use_contact_lenses,has_pets,does_not_use_antibiotics
U24_94,Not Reported,63,Unknown/Not Reported,Female,does_not_use_contact_lenses,has_pets,does_not_use_antibiotics
U24_95,Caucasian,31,Not Hispanic,Female,does_not_use_contact_lenses,does_not_have_pets,does_not_use_antibiotics
U24_96,Caucasian,34,Not Hispanic,Female,does_not_use_contact_lenses,has_pets,does_not_use_antibiotics
U24_97,Other,58,Not Hispanic,Female,uses_contact_lenses,does_not_have_pets,does_not_use_antibiotics
U24_98,Caucasian,43,Not Hispanic,Female,uses_contact_lenses,has_pets,does_not_use_antibiotics
U24_99,Caucasian,27,Not Hispanic,Female,does_not_use_contact_lenses,does_not_have_pets,does_not_use_antibiotics
U24_100,Caucasian,60,Not Hispanic,Male,does_not_use_contact_lenses,has_pets,does_not_use_antibiotics
U24_101,Asian,35,Not Hispanic,Male,does_not_use_contact_lenses,does_not_have_pets,does_not_use_antibiotics
U24_102,Caucasian,59,Not Hispanic,Male,does_not_use_contact_lenses,has_pets,does_not_use_antibiotics
U24_103,Other,33,Hispanic,Female,uses_contact_lenses,has_pets,does_not_use_antibiotics
U24_104,Caucasian,63,Not Hispanic,Female,does_not_use_contact_lenses,has_pets,does_not_use_antibiotics
U24_107,Caucasian,24,Not Hispanic,Female,does_not_use_contact_lenses,has_pets,does_not_use_antibiotics
U24_108,Asian,34,Not Hispanic,Male,does_not_use_contact_lenses,does_not_have_pets,does_not_use_antibiotics
U24_109,Other,21,Not Hispanic,Female,uses_contact_lenses,does_not_have_pets,uses_antibiotics
U24_110,Caucasian,49,Not Hispanic,Female,uses_contact_lenses,has_pets,does_not_use_antibiotics
U24_111,Caucasian,26,Not Hispanic,Male,does_not_use_contact_lenses,does_not_have_pets,does_not_use_antibiotics
U24_112,Caucasian,27,Hispanic,Male,does_not_use_contact_lenses,has_pets,does_not_use_antibiotics
U24_113,Caucasian,34,Not Hispanic,Male,uses_contact_lenses,does_not_have_pets,does_not_use_antibiotics
U24_114,Caucasian,30,Not Hispanic,Female,uses_contact_lenses,has_pets,does_not_use_antibiotics
U24_116,Other,28,Hispanic,Female,does_not_use_contact_lenses,has_pets,does_not_use_antibiotics
U24_119,Asian,30,Not Hispanic,Female,does_not_use_contact_lenses,does_not_have_pets,does_not_use_antibiotics
U24_120,Caucasian,57,Not Hispanic,Female,does_not_use_contact_lenses,has_pets,uses_antibiotics
U24_122,Caucasian,29,Not Hispanic,Female,uses_contact_lenses,does_not_have_pets,does_not_use_antibiotics
U24_124,Caucasian,50,Unknown/Not Reported,Female,does_not_use_contact_lenses,does_not_have_pets,does_not_use_antibiotics
U24_125,Caucasian,54,Not Hispanic,Female,does_not_use_contact_lenses,has_pets,does_not_use_antibiotics
U24_127,Caucasian,32,Not Hispanic,Female,uses_contact_lenses,has_pets,does_not_use_antibiotics
U24_128,Caucasian,22,Not Hispanic,Male,does_not_use_contact_lenses,has_pets,does_not_use_antibiotics
U24_129,African American,27,Not Hispanic,Female,does_not_use_contact_lenses,does_not_have_pets,does_not_use_antibiotics
U24_130,Asian,63,Not Hispanic,Female,does_not_use_contact_lenses,does_not_have_pets,does_not_use_antibiotics
U24_131,Caucasian,22,Hispanic,Female,does_not_use_contact_lenses,does_not_have_pets,does_not_use_antibiotics
U24_132,Caucasian,27,Not Hispanic,Male,uses_contact_lenses,does_not_have_pets,does_not_use_antibiotics
U24_133,Caucasian,23,Hispanic,Female,does_not_use_contact_lenses,does_not_have_pets,does_not_use_antibiotics
U24_134,Asian,57,Not Hispanic,Female,does_not_use_contact_lenses,does_not_have_pets,does_not_use_antibiotics
U24_136,Caucasian,64,Not Hispanic,Male,does_not_use_contact_lenses,does_not_have_pets,does_not_use_antibiotics
U24_138,African American,26,Not Hispanic,Male,does_not_use_contact_lenses,does_not_have_pets,does_not_use_antibiotics
U24_139,Asian,62,Not Hispanic,Female,does_not_use_contact_lenses,does_not_have_pets,does_not_use_antibiotics
U24_141,Caucasian,46,Not Hispanic,Female,uses_contact_lenses,has_pets,does_not_use_antibiotics
U24_142,Asian,27,Not Hispanic,Female,uses_contact_lenses,does_not_have_pets,does_not_use_antibiotics
U24_143,African American,66,Not Hispanic,Female,does_not_use_contact_lenses,does_not_have_pets,does_not_use_antibiotics
U24_144,Caucasian,57,Not Hispanic,Female,does_not_use_contact_lenses,does_not_have_pets,uses_antibiotics
U24_146,Caucasian,23,Not Hispanic,Female,does_not_use_contact_lenses,does_not_have_pets,does_not_use_antibiotics
U24_147,Caucasian,50,Not Hispanic,Male,uses_contact_lenses,has_pets,does_not_use_antibiotics
U24_148,Asian,22,Not Hispanic,Male,does_not_use_contact_lenses,does_not_have_pets,does_not_use_antibiotics
U24_149,Caucasian,34,Not Hispanic,Female,uses_contact_lenses,does_not_have_pets,does_not_use_antibiotics
U24_150,Caucasian,30,Not Hispanic,Male,uses_contact_lenses,has_pets,does_not_use_antibiotics
U24_151,Other,30,Hispanic,Female,does_not_use_contact_lenses,does_not_have_pets,does_not_use_antibiotics
U24_152,American Indian,26,Hispanic,Female,uses_contact_lenses,does_not_have_pets,does_not_use_antibiotics
U24_153,Asian,26,Not Hispanic,Male,does_not_use_contact_lenses,does_not_have_pets,uses_antibiotics
U24_154,Caucasian,33,Not Hispanic,Female,uses_contact_lenses,has_pets,does_not_use_antibiotics
U24_155,Caucasian,24,Not Hispanic,Female,does_not_use_contact_lenses,does_not_have_pets,does_not_use_antibiotics
U24_156,Other,47,Not Hispanic,Male,does_not_use_contact_lenses,does_not_have_pets,does_not_use_antibiotics
U24_158,Caucasian,48,Not Hispanic,Female,does_not_use_contact_lenses,has_pets,does_not_use_antibiotics
U24_160,Caucasian,23,Hispanic,Female,does_not_use_contact_lenses,does_not_have_pets,does_not_use_antibiotics
U24_161,Asian,26,Not Hispanic,Female,does_not_use_contact_lenses,does_not_have_pets,does_not_use_antibiotics
U24_163,Caucasian,25,Not Hispanic,Female,uses_contact_lenses,does_not_have_pets,does_not_use_antibiotics
U24_169,Caucasian,27,Not Hispanic,Male,does_not_use_contact_lenses,does_not_have_pets,does_not_use_antibiotics
U24_170,Caucasian,24,Not Hispanic,Male,does_not_use_contact_lenses,does_not_have_pets,does_not_use_antibiotics
U24_171,Asian,26,Not Hispanic,Female,does_not_use_contact_lenses,does_not_have_pets,does_not_use_antibiotics
U24_173,Asian,38,Not Hispanic,Male,does_not_use_contact_lenses,does_not_have_pets,does_not_use_antibiotics
U24_174,Caucasian,23,Not Hispanic,Female,does_not_use_contact_lenses,has_pets,does_not_use_antibiotics
U24_175,Caucasian,24,Not Hispanic,Female,does_not_use_contact_lenses,does_not_have_pets,does_not_use_antibiotics
U24_176,Caucasian,59,Not Hispanic,Female,does_not_use_contact_lenses,does_not_have_pets,does_not_use_antibiotics
U24_177,Caucasian,22,Not Hispanic,Female,does_not_use_contact_lenses,has_pets,does_not_use_antibiotics
U24_179,Other,34,Not Hispanic,Male,does_not_use_contact_lenses,does_not_have_pets,does_not_use_antibiotics
U24_180,African American,29,Not Hispanic,Female,does_not_use_contact_lenses,does_not_have_pets,does_not_use_antibiotics
U24_181,Caucasian,38,Not Hispanic,Female,uses_contact_lenses,has_pets,uses_antibiotics
U24_182,Caucasian,25,Not Hispanic,Female,does_not_use_contact_lenses,does_not_have_pets,does_not_use_antibiotics
U24_183,Caucasian,25,Not Hispanic,Male,does_not_use_contact_lenses,has_pets,does_not_use_antibiotics
U24_184,Caucasian,29,Not Hispanic,Female,does_not_use_contact_lenses,has_pets,does_not_use_antibiotics
U24_185,Caucasian,29,Not Hispanic,Female,does_not_use_contact_lenses,has_pets,does_not_use_antibiotics
U24_186,Caucasian,51,Not Hispanic,Female,does_not_use_contact_lenses,has_pets,does_not_use_antibiotics
U24_187,Caucasian,62,Not Hispanic,Female,does_not_use_contact_lenses,does_not_have_pets,does_not_use_antibiotics
U24_188,African American,46,Not Hispanic,Female,does_not_use_contact_lenses,does_not_have_pets,does_not_use_antibiotics
U24_189,Asian,62,Not Hispanic,Female,does_not_use_contact_lenses,has_pets,does_not_use_antibiotics
U24_190,Caucasian,25,Not Hispanic,Female,does_not_use_contact_lenses,has_pets,does_not_use_antibiotics
U24_191,Other,38,Not Hispanic,Male,does_not_use_contact_lenses,does_not_have_pets,does_not_use_antibiotics
U24_193,Other,26,Not Hispanic,Female,does_not_use_contact_lenses,has_pets,does_not_use_antibiotics
U24_194,Other,22,Not Hispanic,Female,does_not_use_contact_lenses,does_not_have_pets,does_not_use_antibiotics
U24_195,Other,27,Not Hispanic,Male,does_not_use_contact_lenses,does_not_have_pets,does_not_use_antibiotics
U24_196,Caucasian,30,Not Hispanic,Female,does_not_use_contact_lenses,does_not_have_pets,uses_antibiotics
U24_197,Caucasian,61,Not Hispanic,Female,does_not_use_contact_lenses,has_pets,does_not_use_antibiotics
U24_198,Caucasian,22,Not Hispanic,Female,uses_contact_lenses,does_not_have_pets,does_not_use_antibiotics
U24_202,Other,24,Not Hispanic,Male,does_not_use_contact_lenses,does_not_have_pets,does_not_use_antibiotics
U24_203,Asian,25,Not Hispanic,Male,does_not_use_contact_lenses,does_not_have_pets,does_not_use_antibiotics
U24_204,Caucasian,21,Not Hispanic,Male,does_not_use_contact_lenses,does_not_have_pets,does_not_use_antibiotics
U24_205,Caucasian,30,Not Hispanic,Male,does_not_use_contact_lenses,does_not_have_pets,does_not_use_antibiotics
U24_207,Caucasian,24,Not Hispanic,Male,does_not_use_contact_lenses,does_not_have_pets,does_not_use_antibiotics
U24_209,Caucasian,67,Not Hispanic,Male,does_not_use_contact_lenses,does_not_have_pets,does_not_use_antibiotics
U24_210,Caucasian,27,Not Hispanic,Male,does_not_use_contact_lenses,does_not_have_pets,does_not_use_antibiotics
U24_211,Caucasian,70,Not Hispanic,Male,does_not_use_contact_lenses,does_not_have_pets,does_not_use_antibiotics
U24_215,Caucasian,63,Not Hispanic,Male,does_not_use_contact_lenses,has_pets,does_not_use_antibiotics
U24_216,Caucasian,25,Not Hispanic,Male,does_not_use_contact_lenses,does_not_have_pets,does_not_use_antibiotics
U24_219,African American,21,Not Hispanic,Male,does_not_use_contact_lenses,has_pets,does_not_use_antibiotics
U24_220,African American,30,Not Hispanic,Male,does_not_use_contact_lenses,does_not_have_pets,does_not_use_antibiotics
U24_221,Caucasian,26,Not Hispanic,Male,does_not_use_contact_lenses,does_not_have_pets,does_not_use_antibiotics
U24_223,Other,30,Hispanic,Male,does_not_use_contact_lenses,does_not_have_pets,does_not_use_antibiotics
U24_225,Caucasian,68,Not Hispanic,Male,does_not_use_contact_lenses,has_pets,does_not_use_antibiotics
U24_226,Caucasian,28,Not Hispanic,Male,does_not_use_contact_lenses,has_pets,does_not_use_antibiotics
U24_227,Caucasian,46,Not Hispanic,Female,does_not_use_contact_lenses,does_not_have_pets,does_not_use_antibiotics
V24_1,Other,33,Not Hispanic,Female,does_not_use_contact_lenses,does_not_have_pets,uses_antibiotics
V24_2,Asian,35,Not Hispanic,Female,does_not_use_contact_lenses,does_not_have_pets,does_not_use_antibiotics
V24_3,Caucasian,32,Not Hispanic,Female,does_not_use_contact_lenses,has_pets,does_not_use_antibiotics
V24_4,Caucasian,22,Not Hispanic,Female,does_not_use_contact_lenses,does_not_have_pets,does_not_use_antibiotics
V24_5,Caucasian,23,Hispanic,Female,does_not_use_contact_lenses,has_pets,does_not_use_antibiotics
V24_6,Caucasian,59,Not Hispanic,Female,does_not_use_contact_lenses,has_pets,uses_antibiotics
V24_7,Caucasian,38,Not Hispanic,Female,uses_contact_lenses,has_pets,does_not_use_antibiotics
V24_8,Caucasian,33,Not Hispanic,Female,does_not_use_contact_lenses,does_not_have_pets,does_not_use_antibiotics
V24_9,Caucasian,33,Not Hispanic,Female,does_not_use_contact_lenses,has_pets,does_not_use_antibiotics
V24_11,Caucasian,39,Not Hispanic,Male,does_not_use_contact_lenses,has_pets,does_not_use_antibiotics
V24_12,Caucasian,27,Not Hispanic,Male,does_not_use_contact_lenses,does_not_have_pets,does_not_use_antibiotics
V24_15,Caucasian,24,Not Hispanic,Female,uses_contact_lenses,does_not_have_pets,does_not_use_antibiotics
V24_17,Asian,31,Not Hispanic,Female,does_not_use_contact_lenses,does_not_have_pets,does_not_use_antibiotics
V24_19,Caucasian,29,Not Hispanic,Female,does_not_use_contact_lenses,has_pets,does_not_use_antibiotics
V24_20,Asian,24,Not Hispanic,Male,does_not_use_contact_lenses,does_not_have_pets,does_not_use_antibiotics
V24_22,Caucasian,32,Not Hispanic,Female,does_not_use_contact_lenses,has_pets,does_not_use_antibiotics
V24_23,Caucasian,32,Not Hispanic,Female,uses_contact_lenses,has_pets,does_not_use_antibiotics
V24_24,Caucasian,44,Not Hispanic,Male,does_not_use_contact_lenses,does_not_have_pets,does_not_use_antibiotics
